X,Y,State Code,County Code,Site Num,Parameter Code,POC,Datum,Parameter Name,Sample Duration,Pollutant Standard,Metric Used,Method Name,Year,Units of Measure,Event Type,Observation Count,Observation Percent,Completeness Indicator,Valid Day Count,Required Day Count,Exceptional Data Count,Null Data Count,Primary Exceedance Count,Secondary Exceedance Count,Certification Indicator,Num Obs Below MDL,Arithmetic Mean,Arithmetic Standard Dev,1st Max Value,1st Max DateTime,2nd Max Value,2nd Max DateTime,3rd Max Value,3rd Max DateTime,4th Max Value,4th Max DateTime,1st Max Non Overlapping Value,1st NO Max DateTime,2nd Max Non Overlapping Value,2nd NO Max DateTime,99th Percentile,98th Percentile,95th Percentile,90th Percentile,75th Percentile,50th Percentile,10th Percentile,Local Site Name,Address,State Name,County Name,City Name,CBSA Name,Date of Last Change
-121.784217,37.687526,"06","001","0007",88101,3,WGS84,PM2.5 - Local Conditions,24-HR BLK AVG,PM25 24-hour 2012,Daily Mean,,2022,Micrograms/cubic meter (LC),No Events,221,61,N,221,365,0,0,0,0,Certification not required,0,7.208597,3.98636,24,2022/01/16 00:00:00+00,20,2022/02/04 00:00:00+00,19.5,2022/01/13 00:00:00+00,18.7,2022/02/12 00:00:00+00,,,,,19.5,18.4,15,12.7,9,6.1,3.2,Livermore,793 Rincon Ave.,California,Alameda,Livermore,"San Francisco-Oakland-Hayward, CA",2022/10/18
-122.169935,37.743065,"06","001","0009",88101,3,WGS84,PM2.5 - Local Conditions,24-HR BLK AVG,PM25 24-hour 2012,Daily Mean,,2022,Micrograms/cubic meter (LC),No Events,243,67,N,243,365,0,0,0,0,Certification not required,0,7.94321,4.267151,25.3,2022/07/04 00:00:00+00,23.9,2022/01/13 00:00:00+00,20.5,2022/02/05 00:00:00+00,20.3,2022/02/04 00:00:00+00,,,,,20.5,18.8,16.1,13.7,10.5,7,3.6,Oakland,9925 International Blvd,California,Alameda,Oakland,"San Francisco-Oakland-Hayward, CA",2022/10/18
-122.282347,37.814781,"06","001","0011",88101,3,WGS84,PM2.5 - Local Conditions,24-HR BLK AVG,PM25 24-hour 2012,Daily Mean,,2022,Micrograms/cubic meter (LC),No Events,242,66,N,242,365,0,0,0,0,Certification not required,0,7.466529,5.067756,28.1,2022/01/13 00:00:00+00,25,2022/02/05 00:00:00+00,24.1,2022/01/12 00:00:00+00,21.7,2022/02/04 00:00:00+00,,,,,24.1,20.5,17.3,14.1,10.5,6.4,2.2,Oakland West,1100 21st Street,California,Alameda,Oakland,"San Francisco-Oakland-Hayward, CA",2022/10/18
-122.263376,37.793624,"06","001","0012",88101,3,WGS84,PM2.5 - Local Conditions,24-HR BLK AVG,PM25 24-hour 2012,Daily Mean,,2022,Micrograms/cubic meter (LC),No Events,241,66,N,241,365,0,0,0,0,Certification not required,0,8.694191,4.569041,27.1,2022/01/13 00:00:00+00,24.6,2022/01/12 00:00:00+00,22.4,2022/02/05 00:00:00+00,22,2022/02/04 00:00:00+00,,,,,22.4,21,16.7,14.7,12.1,7.7,3.8,Laney College,Laney College Eighth St. parking lot Aisle J,California,Alameda,Oakland,"San Francisco-Oakland-Hayward, CA",2022/10/18
-121.903019,37.701222,"06","001","0015",88101,3,NAD83,PM2.5 - Local Conditions,24-HR BLK AVG,PM25 24-hour 2012,Daily Mean,,2022,Micrograms/cubic meter (LC),No Events,239,65,N,239,365,0,0,0,0,Certification not required,0,7.206695,3.80437,23.4,2022/01/13 00:00:00+00,21.3,2022/08/15 00:00:00+00,19.5,2022/01/16 00:00:00+00,18.4,2022/02/04 00:00:00+00,,,,,19.5,18.2,14.9,12.8,8.9,6.3,3.2,Pleasanton - Owens Ct,Owens Ct.,California,Alameda,Pleasanton,"San Francisco-Oakland-Hayward, CA",2022/10/18
-121.84047,39.76168,"06","007","0008",88101,3,NAD83,PM2.5 - Local Conditions,24-HR BLK AVG,PM25 24-hour 2012,Daily Mean,,2022,Micrograms/cubic meter (LC),No Events,169,46,N,169,365,0,0,0,0,Certification not required,0,5.805917,5.183866,24.9,2022/01/01 00:00:00+00,22.4,2022/01/13 00:00:00+00,21.4,2022/01/12 00:00:00+00,21.4,2022/01/18 00:00:00+00,,,,,22.4,21.4,18.4,13.7,7.2,3.9,1.3,Chico-East Avenue,"984 East Avenue, Chico",California,Butte,Chico,"Chico, CA",2022/10/13
-120.680277,38.20185,"06","009","0001",88101,3,NAD83,PM2.5 - Local Conditions,24-HR BLK AVG,PM25 24-hour 2012,Daily Mean,,2022,Micrograms/cubic meter (LC),No Events,171,47,N,171,365,0,0,0,0,Certification not required,0,5.964912,3.898649,19.1,2022/01/14 00:00:00+00,16.6,2022/01/22 00:00:00+00,16.4,2022/01/18 00:00:00+00,16.1,2022/02/03 00:00:00+00,,,,,16.6,16.1,14.5,12.3,7.4,4.8,2.2,San Andreas-Gold Strike Road,"501 GOLD STRIKE ROAD, SAN ANDREAS",California,Calaveras,San Andreas,,2022/10/14
-122.281803,39.021221,"06","011","0007",88101,1,WGS84,PM2.5 - Local Conditions,24-HR BLK AVG,PM25 24-hour 2012,Daily Mean,,2022,Micrograms/cubic meter (LC),Events Included,42,12,N,42,365,0,0,0,0,Certification not required,0,10.75,1.486566,15.3,2022/01/13 00:00:00+00,13.7,2022/03/01 00:00:00+00,13.2,2022/01/18 00:00:00+00,12.7,2022/03/02 00:00:00+00,,,,,15.3,15.3,13.2,12.6,11.4,10.7,9.1,Cortina Indian Rancheria,"CORTINA INDIAN RANCHERIA, SPRING VALLEY RD, WILLIAMS",California,Colusa,Cortina Indian Rancheria,,2022/03/17
-121.99887,39.18919,"06","011","1002",88101,3,NAD83,PM2.5 - Local Conditions,24-HR BLK AVG,PM25 24-hour 2012,Daily Mean,,2022,Micrograms/cubic meter (LC),No Events,179,49,N,179,365,0,0,0,0,Certification not required,0,6.422346,4.729058,25.2,2022/01/20 00:00:00+00,24.3,2022/01/28 00:00:00+00,22.1,2022/01/24 00:00:00+00,20.4,2022/02/04 00:00:00+00,,,,,24.3,20.4,16.1,14,8.4,4.8,2.1,Colusa-Sunrise Blvd,"100 SUNRISE BLVD., COLUSA",California,Colusa,Colusa,,2022/10/13
-122.026154,37.936013,"06","013","0002",88101,3,WGS84,PM2.5 - Local Conditions,24-HR BLK AVG,PM25 24-hour 2012,Daily Mean,,2022,Micrograms/cubic meter (LC),No Events,231,63,N,231,365,0,0,0,0,Certification not required,0,6.654978,3.786424,22.1,2022/01/16 00:00:00+00,18.9,2022/02/04 00:00:00+00,18.7,2022/01/23 00:00:00+00,18.5,2022/01/12 00:00:00+00,,,,,18.7,16.5,14,12.2,8.4,5.9,2.6,Concord,2956-A TREAT BOULEVARD,California,Contra Costa,Concord,"San Francisco-Oakland-Hayward, CA",2022/10/18
-122.356811,37.9604,"06","013","1004",88101,3,WGS84,PM2.5 - Local Conditions,24-HR BLK AVG,PM25 24-hour 2012,Daily Mean,,2022,Micrograms/cubic meter (LC),No Events,232,64,N,232,365,0,0,0,0,Certification not required,0,9.093103,3.927927,23.1,2022/01/12 00:00:00+00,20.9,2022/01/13 00:00:00+00,20.8,2022/05/21 00:00:00+00,20.4,2022/08/28 00:00:00+00,,,,,20.8,19.1,16.4,14.4,11.2,8.5,4.6,San Pablo,"1865 D RUMRILL BLVD, San Pablo",California,Contra Costa,San Pablo,"San Francisco-Oakland-Hayward, CA",2022/10/18
-119.77321,36.78538,"06","019","0011",88101,2,NAD83,PM2.5 - Local Conditions,24 HOUR,PM25 24-hour 2012,Daily Mean,R & P Model 2025 PM-2.5 Sequential Air Sampler w/VSCC - Gravimetric,2022,Micrograms/cubic meter (LC),Events Included,55,43,N,53,122,55,7,4,4,Certification not required,0,12.552727,11.562245,53.3,2022/01/14 00:00:00+00,41.4,2022/01/20 00:00:00+00,39.2,2022/01/17 00:00:00+00,38.6,2022/01/23 00:00:00+00,,,,,53.3,41.4,39.2,33.5,11.7,7.7,4.9,Fresno - Garland,"3727 N FIRST ST, FRESNO",California,Fresno,Fresno,"Fresno, CA",2022/10/06
-119.77321,36.78538,"06","019","0011",88101,3,NAD83,PM2.5 - Local Conditions,24-HR BLK AVG,PM25 24-hour 2012,Daily Mean,,2022,Micrograms/cubic meter (LC),No Events,111,30,N,111,365,0,0,3,3,Certification not required,0,13.187387,9.554886,43.2,2022/01/01 00:00:00+00,37.5,2022/01/22 00:00:00+00,37,2022/01/21 00:00:00+00,33.3,2022/02/02 00:00:00+00,,,,,37.5,37,32.5,27,20.1,9.5,3,Fresno - Garland,"3727 N FIRST ST, FRESNO",California,Fresno,Fresno,"Fresno, CA",2022/11/09
-119.658339,36.985119,"06","019","0500",88101,1,WGS84,PM2.5 - Local Conditions,24-HR BLK AVG,PM25 24-hour 2012,Daily Mean,,2022,Micrograms/cubic meter (LC),Events Included,219,60,N,219,365,0,0,0,0,Certification not required,0,6.570776,4.63152,30.5,2022/01/14 00:00:00+00,26.6,2022/01/20 00:00:00+00,25.2,2022/01/21 00:00:00+00,24.1,2022/02/02 00:00:00+00,,,,,25.2,22.8,17.1,10.7,7.8,5.4,2.5,Table Mountain Air Monitoring Site,Milerton Road and Winchell Cove Road,California,Fresno,,"Fresno, CA",2022/09/12
-120.382331,36.634225,"06","019","2009",88101,3,WGS84,PM2.5 - Local Conditions,24-HR BLK AVG,PM25 24-hour 2012,Daily Mean,,2022,Micrograms/cubic meter (LC),No Events,90,25,N,90,365,0,0,0,0,Certification not required,0,8.953333,6.906115,33.1,2022/01/17 00:00:00+00,29.3,2022/01/13 00:00:00+00,27.2,2022/01/16 00:00:00+00,24.6,2022/01/18 00:00:00+00,,,,,33.1,29.3,24.2,17.2,13.4,6.3,2.5,Tranquillity,32650 West Adams Avenue Tranquillity CA 93668,California,Fresno,,"Fresno, CA",2022/10/16
-119.7775,36.710833,"06","019","2016",88101,3,WGS84,PM2.5 - Local Conditions,24-HR BLK AVG,PM25 24-hour 2012,Daily Mean,,2022,Micrograms/cubic meter (LC),No Events,180,49,N,180,365,0,0,14,14,Certification not required,0,14.914444,11.284295,46.6,2022/01/13 00:00:00+00,46.2,2022/01/21 00:00:00+00,46.1,2022/01/14 00:00:00+00,39.8,2022/01/22 00:00:00+00,,,,,46.2,39.8,37.8,33.5,22.3,10.4,4.5,Fresno-Foundry,2482 Foundry Park Ave,California,Fresno,Fresno,"Fresno, CA",2022/10/20
-119.716433,36.819449,"06","019","5001",88101,3,NAD83,PM2.5 - Local Conditions,24-HR BLK AVG,PM25 24-hour 2012,Daily Mean,,2022,Micrograms/cubic meter (LC),No Events,114,31,N,114,365,0,0,4,4,Certification not required,0,13.605263,9.117219,41.9,2022/01/14 00:00:00+00,40.3,2022/01/16 00:00:00+00,35.9,2022/01/15 00:00:00+00,35.5,2022/01/20 00:00:00+00,,,,,40.3,35.9,33.2,26.8,17.8,12.1,4,Clovis-Villa,"908 N VILLA AVE, CLOVIS",California,Fresno,Clovis,"Fresno, CA",2022/11/09
-119.733,36.72639,"06","019","5025",88101,3,WGS84,PM2.5 - Local Conditions,24-HR BLK AVG,PM25 24-hour 2012,Daily Mean,Multiple Methods Used,2022,Micrograms/cubic meter (LC),No Events,82,22,N,82,365,0,0,7,7,Certification not required,0,18.728049,10.886681,44.5,2022/01/21 00:00:00+00,43.1,2022/01/14 00:00:00+00,42.4,2022/01/13 00:00:00+00,42.1,2022/01/16 00:00:00+00,,,,,44.5,43.1,39.8,32.9,25.9,17.8,6.3,Fresno-Pacific,"1716 WINERY, FRESNO CA 93726",California,Fresno,Fresno,"Fresno, CA",2022/04/18
-124.17949,40.77678,"06","023","1004",88101,1,NAD83,PM2.5 - Local Conditions,24 HOUR,PM25 24-hour 2012,Daily Mean,R & P Model 2000 PM-2.5 Air Sampler w/VSCC - Gravimetric,2022,Micrograms/cubic meter (LC),No Events,58,48,N,58,122,0,4,0,0,Certification not required,0,6.855172,3.400164,20,2022/02/10 00:00:00+00,15,2022/01/11 00:00:00+00,13,2022/01/29 00:00:00+00,12.7,2022/06/22 00:00:00+00,,,,,20,15,13,11.7,7.9,6.5,2.9,Jacobs,717 SOUTH AVENUE,California,Humboldt,Eureka,"Eureka-Arcata-Fortuna, CA",2022/08/25
-115.48307,32.67618,"06","025","0005",88101,2,NAD83,PM2.5 - Local Conditions,24 HOUR,PM25 24-hour 2012,Daily Mean,R & P Model 2000 PM-2.5 Air Sampler w/VSCC - Gravimetric,2022,Micrograms/cubic meter (LC),No Events,18,58,N,18,31,0,0,1,1,Certification not required,0,10.811111,7.440184,37.2,2022/01/17 00:00:00+00,16.7,2022/03/18 00:00:00+00,15.3,2022/04/11 00:00:00+00,13.1,2022/01/05 00:00:00+00,,,,,37.2,37.2,37.2,16.7,12.4,9,4.9,Calexico-Ethel Street,"1029 ETHEL ST, CALEXICO HIGH SCHOOL",California,Imperial,Calexico,"El Centro, CA",2022/10/06
-115.48307,32.67618,"06","025","0005",88101,3,NAD83,PM2.5 - Local Conditions,24-HR BLK AVG,PM25 24-hour 2012,Daily Mean,,2022,Micrograms/cubic meter (LC),No Events,86,24,N,86,365,0,0,2,2,Certification not required,0,11.795349,7.978263,41.9,2022/01/17 00:00:00+00,40.7,2022/01/31 00:00:00+00,30.1,2022/01/21 00:00:00+00,29.8,2022/01/07 00:00:00+00,,,,,41.9,40.7,28.8,23.6,14.4,9.2,4.5,Calexico-Ethel Street,"1029 ETHEL ST, CALEXICO HIGH SCHOOL",California,Imperial,Calexico,"El Centro, CA",2022/10/14
-115.53917,32.97833,"06","025","0007",88101,3,WGS84,PM2.5 - Local Conditions,24-HR BLK AVG,PM25 24-hour 2012,Daily Mean,,2022,Micrograms/cubic meter (LC),No Events,181,50,N,181,365,0,0,5,5,Certification not required,0,10.445856,7.939532,43.2,2022/02/15 00:00:00+00,41.5,2022/04/11 00:00:00+00,38.3,2022/06/17 00:00:00+00,38,2022/06/18 00:00:00+00,,,,,41.5,38,29.2,19.7,12.3,8.6,3.8,Brawley-220 Main Street,"220 MAIN ST., STE 204, BRAWLEY",California,Imperial,Brawley,"El Centro, CA",2022/09/01
-116.015997,33.379078,"06","025","0010",88101,1,WGS84,PM2.5 - Local Conditions,24-HR BLK AVG,PM25 24-hour 2012,Daily Mean,,2022,Micrograms/cubic meter (LC),Events Included,235,64,N,235,365,0,0,2,2,Certification not required,0,9.775745,7.227621,70,2022/05/29 00:00:00+00,43.5,2022/05/28 00:00:00+00,34.9,2022/05/20 00:00:00+00,34.8,2022/04/28 00:00:00+00,,,,,34.9,32.8,22.5,16.1,11.1,8.4,3.9,Torres Martinez Reservation,1000 Seaview Ave,California,Imperial,Salton Sea Beach,"El Centro, CA",2022/10/25
-115.56306,32.79222,"06","025","1003",88101,1,WGS84,PM2.5 - Local Conditions,24 HOUR,PM25 24-hour 2012,Daily Mean,R & P Model 2025 PM-2.5 Sequential Air Sampler w/VSCC - Gravimetric,2022,Micrograms/cubic meter (LC),No Events,5,4,N,5,122,0,0,0,0,Certification not required,0,8.7,7.55877,22.1,2022/01/08 00:00:00+00,6.3,2022/01/05 00:00:00+00,6.2,2022/01/14 00:00:00+00,5.1,2022/01/02 00:00:00+00,,,,,22.1,22.1,22.1,22.1,6.3,6.2,3.8,El Centro-9th Street,"150 9TH ST., EL CENTRO",California,Imperial,El Centro,"El Centro, CA",2022/01/28
-115.56306,32.79222,"06","025","1003",88101,3,WGS84,PM2.5 - Local Conditions,24-HR BLK AVG,PM25 24-hour 2012,Daily Mean,,2022,Micrograms/cubic meter (LC),No Events,181,50,N,181,365,0,0,0,0,Certification not required,0,8.896133,4.30655,27.4,2022/05/28 00:00:00+00,20.5,2022/03/19 00:00:00+00,19.8,2022/03/26 00:00:00+00,19.2,2022/01/08 00:00:00+00,,,,,20.5,19.2,16.3,14.5,11.8,9,4,El Centro-9th Street,"150 9TH ST., EL CENTRO",California,Imperial,El Centro,"El Centro, CA",2022/09/01
-118.330783,37.360684,"06","027","0002",88101,1,WGS84,PM2.5 - Local Conditions,24-HR BLK AVG,PM25 24-hour 2012,Daily Mean,,2022,Micrograms/cubic meter (LC),No Events,171,47,N,171,365,0,0,1,1,Certification not required,0,3.927485,3.688281,42.2,2022/05/20 00:00:00+00,17.8,2022/03/27 00:00:00+00,12.5,2022/03/28 00:00:00+00,10.3,2022/03/03 00:00:00+00,,,,,17.8,10.3,7.5,6.4,4.8,3.3,1.6,White Mountain Research Center - Owens Valley Lab,"WMRC/NCORE, 3000 E. LINE ST., BISHOP, CA. 93514",California,Inyo,,"Bishop, CA",2022/09/29
-118.330783,37.360684,"06","027","0002",88101,2,WGS84,PM2.5 - Local Conditions,24 HOUR,PM25 24-hour 2012,Daily Mean,R & P Model 2025 PM-2.5 Sequential Air Sampler w/VSCC - Gravimetric,2022,Micrograms/cubic meter (LC),No Events,28,46,N,28,61,0,2,0,0,Certification not required,0,3.107143,1.396803,6,2022/04/29 00:00:00+00,6,2022/06/16 00:00:00+00,5,2022/03/18 00:00:00+00,5,2022/05/23 00:00:00+00,,,,,6,6,6,5,4,3,2,White Mountain Research Center - Owens Valley Lab,"WMRC/NCORE, 3000 E. LINE ST., BISHOP, CA. 93514",California,Inyo,,"Bishop, CA",2022/09/23
-117.871036,36.487823,"06","027","1003",88101,1,WGS84,PM2.5 - Local Conditions,24 HOUR,PM25 24-hour 2012,Daily Mean,R & P Model 2025 PM-2.5 Sequential Air Sampler w/VSCC - Gravimetric,2022,Micrograms/cubic meter (LC),No Events,58,48,N,58,122,0,2,1,1,Certification not required,0,5.793103,7.023166,53,2022/05/20 00:00:00+00,15,2022/05/23 00:00:00+00,13,2022/02/16 00:00:00+00,12,2022/03/27 00:00:00+00,,,,,53,15,13,10,6,4,2,Keeler,"KEELER, 190 Cerro Gordo Road",California,Inyo,Keeler,"Bishop, CA",2022/09/23
-117.871036,36.487823,"06","027","1003",88101,3,WGS84,PM2.5 - Local Conditions,24-HR BLK AVG,PM25 24-hour 2012,Daily Mean,,2022,Micrograms/cubic meter (LC),No Events,176,48,N,176,365,0,0,1,1,Certification not required,0,6.278409,5.265412,44,2022/05/20 00:00:00+00,29.8,2022/02/17 00:00:00+00,28.2,2022/03/10 00:00:00+00,26.9,2022/04/11 00:00:00+00,,,,,29.8,26.9,14.2,11,7.2,5,2.5,Keeler,"KEELER, 190 Cerro Gordo Road",California,Inyo,Keeler,"Bishop, CA",2022/09/29
-118.049167,36.595556,"06","027","1018",88101,1,WGS84,PM2.5 - Local Conditions,24-HR BLK AVG,PM25 24-hour 2012,Daily Mean,,2022,Micrograms/cubic meter (LC),Events Included,241,66,N,241,365,0,0,1,1,Certification not required,0,5.489627,3.669823,37,2022/02/17 00:00:00+00,27.9,2022/05/20 00:00:00+00,25.5,2022/02/16 00:00:00+00,20.7,2022/09/09 00:00:00+00,,,,,25.5,16.1,9.9,8,6.3,4.8,2.9,Lone Pine Paiute-Shoshone Reservation,1101 E-SHA LANE,California,Inyo,Lone Pine,"Bishop, CA",2022/11/03
-118.417478,37.362137,"06","027","1023",88101,1,WGS84,PM2.5 - Local Conditions,24-HR BLK AVG,PM25 24-hour 2012,Daily Mean,,2022,Micrograms/cubic meter (LC),Events Included,260,71,N,260,365,0,0,3,3,Certification not required,0,8.254615,7.161848,48.7,2022/01/04 00:00:00+00,42.6,2022/01/03 00:00:00+00,37.5,2022/01/13 00:00:00+00,32.8,2022/01/05 00:00:00+00,,,,,37.5,30.7,22.2,18.7,8.8,5.6,3.3,Bishop Tribe EMO,50 TU SU LANE,California,Inyo,Bishop,"Bishop, CA",2022/11/14
-118.293547,37.155494,"06","027","1033",88101,2,NAD83,PM2.5 - Local Conditions,24-HR BLK AVG,PM25 24-hour 2012,Daily Mean,,2022,Micrograms/cubic meter (LC),Events Included,117,32,N,117,365,0,0,0,0,Certification not required,0,3.647863,1.919707,14.8,2022/02/16 00:00:00+00,8,2022/04/28 00:00:00+00,7.9,2022/04/08 00:00:00+00,7.2,2022/04/07 00:00:00+00,,,,,8,7.9,6.9,6.2,4.7,3.1,1.8,Stn.1 Big Pine Paiute site,School St.,California,Inyo,Big Pine,"Bishop, CA",2022/10/25
-119.015009,35.385574,"06","029","0010",88101,3,WGS84,PM2.5 - Local Conditions,24-HR BLK AVG,PM25 24-hour 2012,Daily Mean,,2022,Micrograms/cubic meter (LC),No Events,65,18,N,65,365,0,0,4,4,Certification not required,0,16.135385,9.772289,48.7,2022/02/10 00:00:00+00,43.4,2022/02/11 00:00:00+00,42.4,2022/02/09 00:00:00+00,37,2022/02/08 00:00:00+00,,,,,48.7,43.4,37,27.8,20.6,13.5,6.4,Bakersfield-Golden / M St,"2820 M St., Bakersfield, CA 93301",California,Kern,Bakersfield,"Bakersfield, CA",2022/06/10
-119.015009,35.385574,"06","029","0010",88101,4,WGS84,PM2.5 - Local Conditions,24-HR BLK AVG,PM25 24-hour 2012,Daily Mean,,2022,Micrograms/cubic meter (LC),No Events,19,5,N,19,365,0,0,7,7,Certification not required,0,31.426316,12.230737,53.9,2022/01/14 00:00:00+00,48.9,2022/01/13 00:00:00+00,44.4,2022/01/12 00:00:00+00,44.1,2022/01/15 00:00:00+00,,,,,53.9,53.9,53.9,48.9,41,31.7,14.3,Bakersfield-Golden / M St,"2820 M St., Bakersfield, CA 93301",California,Kern,Bakersfield,"Bakersfield, CA",2022/06/10
-119.062613,35.356615,"06","029","0014",88101,1,NAD83,PM2.5 - Local Conditions,24 HOUR,PM25 24-hour 2012,Daily Mean,R & P Model 2025 PM-2.5 Sequential Air Sampler w/VSCC - Gravimetric,2022,Micrograms/cubic meter (LC),No Events,192,53,N,192,365,0,12,13,13,Certification not required,0,13.665104,10.824337,58.1,2022/01/21 00:00:00+00,50.8,2022/01/14 00:00:00+00,48.5,2022/01/13 00:00:00+00,48,2022/01/20 00:00:00+00,,,,,50.8,48,40,32.6,15.8,9.6,5.1,Bakersfield-California,"5558 California Ave., Bakersfield CA 93309",California,Kern,Bakersfield,"Bakersfield, CA",2022/10/06
-119.062613,35.356615,"06","029","0014",88101,2,NAD83,PM2.5 - Local Conditions,24 HOUR,PM25 24-hour 2012,Daily Mean,R & P Model 2025 PM-2.5 Sequential Air Sampler w/VSCC - Gravimetric,2022,Micrograms/cubic meter (LC),No Events,14,45,N,14,31,0,3,2,2,Certification not required,0,13.857143,13.548188,46.1,2022/01/05 00:00:00+00,42,2022/01/17 00:00:00+00,17.4,2022/02/12 00:00:00+00,17,2022/02/03 00:00:00+00,,,,,46.1,46.1,46.1,42,17,9.3,4.3,Bakersfield-California,"5558 California Ave., Bakersfield CA 93309",California,Kern,Bakersfield,"Bakersfield, CA",2022/10/06
-118.997627,35.324636,"06","029","0016",88101,1,NAD83,PM2.5 - Local Conditions,24 HOUR,PM25 24-hour 2012,Daily Mean,R & P Model 2025 PM-2.5 Sequential Air Sampler w/VSCC - Gravimetric,2022,Micrograms/cubic meter (LC),No Events,65,52,N,64,122,0,5,8,8,Certification not required,0,15.958462,12.52541,55.6,2022/01/17 00:00:00+00,50.2,2022/01/02 00:00:00+00,45.5,2022/07/04 00:00:00+00,43.3,2022/01/14 00:00:00+00,,,,,55.6,50.2,43.3,38.1,21,10.8,6.8,Bakersfield-Airport (Planz),"410 E. PLANZ RD. BAKERSFIELD, CA  93307",California,Kern,Bakersfield,"Bakersfield, CA",2022/10/06
-117.715066,35.642943,"06","029","0018",88101,1,NAD83,PM2.5 - Local Conditions,24-HR BLK AVG,PM25 24-hour 2012,Daily Mean,,2022,Micrograms/cubic meter (LC),No Events,181,50,N,181,365,0,0,0,0,Certification not required,0,4.109392,3.745408,32.3,2022/05/20 00:00:00+00,20.7,2022/04/11 00:00:00+00,14.3,2022/06/14 00:00:00+00,12.3,2022/05/03 00:00:00+00,,,,,20.7,12.3,9.7,8,5.5,3.5,0.7,Ridgecrest-Ward,"2051 Ward, Ridgecrest CA",California,Kern,Ridgecrest,"Bakersfield, CA",2022/09/29
-118.162833,35.046528,"06","029","0019",88101,3,NAD83,PM2.5 - Local Conditions,24-HR BLK AVG,PM25 24-hour 2012,Daily Mean,,2022,Micrograms/cubic meter (LC),No Events,116,32,N,116,365,0,0,0,0,Certification not required,0,4.192241,2.214739,10.9,2022/04/02 00:00:00+00,10.9,2022/04/27 00:00:00+00,10.7,2022/04/26 00:00:00+00,9.7,2022/04/28 00:00:00+00,,,,,10.9,10.7,8.7,7.2,5.4,3.9,1.5,Mojave - CA 58 Business,1773 CA-58 BUS,California,Kern,Mojave,"Bakersfield, CA",2022/11/08
-119.56565,36.102244,"06","031","0004",88101,8,NAD83,PM2.5 - Local Conditions,24-HR BLK AVG,PM25 24-hour 2012,Daily Mean,,2022,Micrograms/cubic meter (LC),No Events,181,50,N,181,365,0,0,10,10,Certification not required,0,13.938674,10.19583,43.5,2022/01/13 00:00:00+00,42.2,2022/02/11 00:00:00+00,40.6,2022/01/20 00:00:00+00,39.7,2022/02/12 00:00:00+00,,,,,42.2,39.7,35.5,31.2,18.5,9.7,4.8,Corcoran-Patterson,1520 PATTERSON AVE.,California,Kings,Corcoran,"Hanford-Corcoran, CA",2022/10/31
-119.643447,36.31567,"06","031","1004",88101,3,NAD83,PM2.5 - Local Conditions,24-HR BLK AVG,PM25 24-hour 2012,Daily Mean,,2022,Micrograms/cubic meter (LC),No Events,181,50,N,181,365,0,0,13,13,Certification not required,0,13.28453,11.812013,51.2,2022/01/13 00:00:00+00,44.2,2022/02/10 00:00:00+00,42.7,2022/02/09 00:00:00+00,41.2,2022/01/17 00:00:00+00,,,,,44.2,41.2,37.8,33.2,20.7,8.5,2.1,Hanford-Irwin,"807 SOUTH IRWIN ST., HANFORD",California,Kings,Hanford,"Hanford-Corcoran, CA",2022/10/31
-122.91333,39.01893,"06","033","3002",88101,1,NAD83,PM2.5 - Local Conditions,24 HOUR,PM25 24-hour 2012,Daily Mean,R & P Model 2000 PM-2.5 Air Sampler w/VSCC - Gravimetric,2022,Micrograms/cubic meter (LC),No Events,15,25,N,15,61,0,0,0,0,Certification not required,0,3.88,1.574892,8,2022/01/17 00:00:00+00,5.5,2022/01/11 00:00:00+00,5.2,2022/01/29 00:00:00+00,4.5,2022/02/04 00:00:00+00,,,,,8,8,8,5.5,4.5,3.8,2,Lakeport-S. Main Street,"2617 S. Main Street, Lakeport, CA 95453",California,Lake,Lakeport,"Clearlake, CA",2022/06/09
-117.92391,34.1365,"06","037","0002",88101,1,WGS84,PM2.5 - Local Conditions,24 HOUR,PM25 24-hour 2012,Daily Mean,Multiple Methods Used,2022,Micrograms/cubic meter (LC),No Events,56,47,N,56,118,0,1,0,0,Certification not required,0,9.608929,4.624609,18.4,2022/02/01 00:00:00+00,17.7,2022/06/01 00:00:00+00,17.4,2022/04/02 00:00:00+00,17.1,2022/06/22 00:00:00+00,,,,,18.4,17.7,17.4,16.2,13.3,9,4,Azusa,"803 N. LOREN AVE., AZUSA",California,Los Angeles,Azusa,"Los Angeles-Long Beach-Anaheim, CA",2022/09/21
-117.92391,34.1365,"06","037","0002",88101,21,WGS84,PM2.5 - Local Conditions,24 HOUR,PM25 24-hour 2012,Daily Mean,R & P Model 2000 PM-2.5 Air Sampler w/VSCC - Gravimetric,2022,Micrograms/cubic meter (LC),No Events,4,7,N,4,61,0,0,0,0,Certification not required,0,7.8,5.997222,16.2,2022/01/08 00:00:00+00,8,2022/01/14 00:00:00+00,3.9,2022/01/20 00:00:00+00,3.1,2022/01/02 00:00:00+00,,,,,16.2,16.2,16.2,16.2,16.2,8,3.1,Azusa,"803 N. LOREN AVE., AZUSA",California,Los Angeles,Azusa,"Los Angeles-Long Beach-Anaheim, CA",2022/07/07
-118.22688,34.06659,"06","037","1103",88101,1,WGS84,PM2.5 - Local Conditions,24 HOUR,PM25 24-hour 2012,Daily Mean,R & P Model 2025 PM-2.5 Sequential Air Sampler w/VSCC - Gravimetric,2022,Micrograms/cubic meter (LC),No Events,177,48,N,177,365,0,4,0,0,Certification not required,0,11.338983,4.703191,33.7,2022/01/07 00:00:00+00,24.8,2022/01/05 00:00:00+00,23.2,2022/01/31 00:00:00+00,22,2022/01/06 00:00:00+00,,,,,24.8,22,19.5,17.4,14.1,10.3,6.2,Los Angeles-North Main Street,"1630 N MAIN ST, LOS ANGELES",California,Los Angeles,Los Angeles,"Los Angeles-Long Beach-Anaheim, CA",2022/09/14
-118.22688,34.06659,"06","037","1103",88101,2,WGS84,PM2.5 - Local Conditions,24 HOUR,PM25 24-hour 2012,Daily Mean,R & P Model 2025 PM-2.5 Sequential Air Sampler w/VSCC - Gravimetric,2022,Micrograms/cubic meter (LC),No Events,30,49,N,30,61,0,0,0,0,Certification not required,0,11.26,4.65874,25.1,2022/01/05 00:00:00+00,17.8,2022/06/16 00:00:00+00,17.2,2022/05/05 00:00:00+00,16.8,2022/05/23 00:00:00+00,,,,,25.1,25.1,17.8,17.2,15,9.6,6.7,Los Angeles-North Main Street,"1630 N MAIN ST, LOS ANGELES",California,Los Angeles,Los Angeles,"Los Angeles-Long Beach-Anaheim, CA",2022/09/14
-118.53276,34.19925,"06","037","1201",88101,1,WGS84,PM2.5 - Local Conditions,24 HOUR,PM25 24-hour 2012,Daily Mean,R & P Model 2025 PM-2.5 Sequential Air Sampler w/VSCC - Gravimetric,2022,Micrograms/cubic meter (LC),No Events,60,49,N,60,122,0,0,0,0,Certification not required,0,8.528333,3.960658,20.5,2022/02/01 00:00:00+00,19.6,2022/01/08 00:00:00+00,15.1,2022/05/02 00:00:00+00,14.9,2022/05/23 00:00:00+00,,,,,20.5,19.6,15.1,13.7,10.3,8,3.8,Reseda,"18330 GAULT ST., RESEDA",California,Los Angeles,Reseda,"Los Angeles-Long Beach-Anaheim, CA",2022/09/14
-118.205,33.901389,"06","037","1302",88101,1,WGS84,PM2.5 - Local Conditions,24 HOUR,PM25 24-hour 2012,Daily Mean,R & P Model 2025 PM-2.5 Sequential Air Sampler w/VSCC - Gravimetric,2022,Micrograms/cubic meter (LC),No Events,180,49,N,180,365,0,1,2,2,Certification not required,0,12.481111,5.511408,37.1,2022/01/01 00:00:00+00,36.8,2022/01/06 00:00:00+00,32.6,2022/01/05 00:00:00+00,25.5,2022/01/14 00:00:00+00,,,,,36.8,25.5,23.7,19.4,14.3,11.5,6.7,Compton,700 North Bullis Road,California,Los Angeles,Compton,"Los Angeles-Long Beach-Anaheim, CA",2022/09/14
-118.0685,34.01029,"06","037","1602",88101,1,NAD83,PM2.5 - Local Conditions,24 HOUR,PM25 24-hour 2012,Daily Mean,Multiple Methods Used,2022,Micrograms/cubic meter (LC),No Events,54,46,N,54,118,0,2,0,0,Certification not required,0,11.137037,4.044997,26.1,2022/01/05 00:00:00+00,21.1,2022/02/01 00:00:00+00,17.6,2022/06/01 00:00:00+00,16.5,2022/01/17 00:00:00+00,,,,,26.1,21.1,17.6,16.2,13.4,10.4,6.8,Pico Rivera #2,"4144 SAN GABRIEL RIVER PKWY, PICO RIVERA",California,Los Angeles,Pico Rivera,"Los Angeles-Long Beach-Anaheim, CA",2022/09/14
-118.0685,34.01029,"06","037","1602",88101,2,NAD83,PM2.5 - Local Conditions,24 HOUR,PM25 24-hour 2012,Daily Mean,R & P Model 2000 PM-2.5 Air Sampler w/VSCC - Gravimetric,2022,Micrograms/cubic meter (LC),No Events,3,5,N,3,61,0,0,0,0,Certification not required,0,16.4,9.950377,26.4,2022/01/05 00:00:00+00,16.3,2022/01/17 00:00:00+00,6.5,2022/01/11 00:00:00+00,,,,,,,26.4,26.4,26.4,26.4,26.4,16.3,6.5,Pico Rivera #2,"4144 SAN GABRIEL RIVER PKWY, PICO RIVERA",California,Los Angeles,Pico Rivera,"Los Angeles-Long Beach-Anaheim, CA",2022/07/07
-118.0685,34.01029,"06","037","1602",88101,21,NAD83,PM2.5 - Local Conditions,24 HOUR,PM25 24-hour 2012,Daily Mean,R & P Model 2000 PM-2.5 Air Sampler w/VSCC - Gravimetric,2022,Micrograms/cubic meter (LC),No Events,4,7,N,4,61,0,0,0,0,Certification not required,0,15.975,7.688249,25.6,2022/01/14 00:00:00+00,18.5,2022/01/08 00:00:00+00,11.4,2022/01/20 00:00:00+00,8.4,2022/01/02 00:00:00+00,,,,,25.6,25.6,25.6,25.6,25.6,18.5,8.4,Pico Rivera #2,"4144 SAN GABRIEL RIVER PKWY, PICO RIVERA",California,Los Angeles,Pico Rivera,"Los Angeles-Long Beach-Anaheim, CA",2022/07/07
-118.1272,34.1326,"06","037","2005",88101,1,WGS84,PM2.5 - Local Conditions,24 HOUR,PM25 24-hour 2012,Daily Mean,R & P Model 2025 PM-2.5 Sequential Air Sampler w/VSCC - Gravimetric,2022,Micrograms/cubic meter (LC),No Events,59,48,N,59,122,0,1,0,0,Certification not required,0,9.171186,3.736449,19.4,2022/02/01 00:00:00+00,16.7,2022/01/08 00:00:00+00,16.3,2022/06/01 00:00:00+00,15.2,2022/04/29 00:00:00+00,,,,,19.4,16.7,16.3,14.4,12,8,4.5,Pasadena,"752 S. WILSON AVE., PASADENA",California,Los Angeles,Pasadena,"Los Angeles-Long Beach-Anaheim, CA",2022/09/14
-118.18921,33.82376,"06","037","4002",88101,1,WGS84,PM2.5 - Local Conditions,24 HOUR,PM25 24-hour 2012,Daily Mean,R & P Model 2025 PM-2.5 Sequential Air Sampler w/VSCC - Gravimetric,2022,Micrograms/cubic meter (LC),No Events,55,45,N,55,122,0,5,0,0,Certification not required,0,9.916364,3.271355,20,2022/01/14 00:00:00+00,18,2022/01/08 00:00:00+00,16.4,2022/02/01 00:00:00+00,15.3,2022/06/01 00:00:00+00,,,,,20,18,16.4,13.5,12.3,9.6,6.5,Long Beach (North),"3648 N. LONG BEACH BLVD., LONG BEACH",California,Los Angeles,Long Beach,"Los Angeles-Long Beach-Anaheim, CA",2022/09/14
-118.17533,33.79236,"06","037","4004",88101,1,WGS84,PM2.5 - Local Conditions,24 HOUR,PM25 24-hour 2012,Daily Mean,R & P Model 2025 PM-2.5 Sequential Air Sampler w/VSCC - Gravimetric,2022,Micrograms/cubic meter (LC),No Events,119,33,N,119,365,0,1,0,0,Certification not required,0,10.765546,4.103253,26.1,2022/01/05 00:00:00+00,20.9,2022/01/14 00:00:00+00,20,2022/01/06 00:00:00+00,19.4,2022/04/09 00:00:00+00,,,,,20.9,20,18.7,16.7,13,10.1,5.7,Long Beach (South),"1305 E. Pacific Coast Hwy., Long Beach",California,Los Angeles,Long Beach,"Los Angeles-Long Beach-Anaheim, CA",2022/09/14
-118.17533,33.79236,"06","037","4004",88101,3,WGS84,PM2.5 - Local Conditions,24-HR BLK AVG,PM25 24-hour 2012,Daily Mean,,2022,Micrograms/cubic meter (LC),No Events,120,33,N,120,365,0,0,0,0,Certification not required,0,13.165833,4.216484,26.6,2022/01/05 00:00:00+00,24.4,2022/01/09 00:00:00+00,23.1,2022/02/06 00:00:00+00,22.8,2022/01/14 00:00:00+00,,,,,24.4,23.1,21.3,18.9,15.5,13,7.8,Long Beach (South),"1305 E. Pacific Coast Hwy., Long Beach",California,Los Angeles,Long Beach,"Los Angeles-Long Beach-Anaheim, CA",2022/09/15
-118.200707,33.859662,"06","037","4008",88101,1,NAD83,PM2.5 - Local Conditions,24 HOUR,PM25 24-hour 2012,Daily Mean,R & P Model 2025 PM-2.5 Sequential Air Sampler w/VSCC - Gravimetric,2022,Micrograms/cubic meter (LC),No Events,179,49,N,179,365,0,2,0,0,Certification not required,0,12.167039,4.373205,28.1,2022/01/05 00:00:00+00,27.4,2022/01/01 00:00:00+00,25.5,2022/01/14 00:00:00+00,24.7,2022/01/06 00:00:00+00,,,,,27.4,24.7,21.7,17.5,14.3,11.9,6.7,Long Beach-Route 710 Near Road,5895 Long Beach Blvd.,California,Los Angeles,Long Beach,"Los Angeles-Long Beach-Anaheim, CA",2022/09/14
-118.200707,33.859662,"06","037","4008",88101,3,NAD83,PM2.5 - Local Conditions,24-HR BLK AVG,PM25 24-hour 2012,Daily Mean,Multiple Methods Used,2022,Micrograms/cubic meter (LC),No Events,73,20,N,73,365,0,0,0,0,Certification not required,0,16.193151,5.727282,33,2022/01/01 00:00:00+00,29,2022/01/14 00:00:00+00,28.5,2022/01/05 00:00:00+00,28.2,2022/01/06 00:00:00+00,,,,,33,29,28.2,25.1,19.1,15.4,9.7,Long Beach-Route 710 Near Road,5895 Long Beach Blvd.,California,Los Angeles,Long Beach,"Los Angeles-Long Beach-Anaheim, CA",2022/10/05
-118.171019,33.793713,"06","037","4009",88101,1,NAD83,PM2.5 - Local Conditions,24 HOUR,PM25 24-hour 2012,Daily Mean,R & P Model 2000 PM-2.5 Air Sampler w/VSCC - Gravimetric,2022,Micrograms/cubic meter (LC),No Events,6,19,N,6,31,0,0,0,0,Certification not required,0,10.8,2.993994,15.1,2022/06/22 00:00:00+00,13.6,2022/05/05 00:00:00+00,10.6,2022/06/10 00:00:00+00,9.3,2022/05/17 00:00:00+00,,,,,15.1,15.1,15.1,15.1,13.6,10.6,7.2,Signal Hill (LBSH),1710 E. 20th Street,California,Los Angeles,Signal Hill,"Los Angeles-Long Beach-Anaheim, CA",2022/09/29
-118.171019,33.793713,"06","037","4009",88101,3,NAD83,PM2.5 - Local Conditions,24-HR BLK AVG,PM25 24-hour 2012,Daily Mean,,2022,Micrograms/cubic meter (LC),No Events,91,25,N,91,365,0,0,0,0,Certification not required,0,9.886813,3.287289,19.6,2022/04/09 00:00:00+00,18,2022/04/10 00:00:00+00,15.6,2022/04/27 00:00:00+00,14.2,2022/04/11 00:00:00+00,,,,,19.6,18,14.2,13.7,12.2,10.2,5.5,Signal Hill (LBSH),1710 E. 20th Street,California,Los Angeles,Signal Hill,"Los Angeles-Long Beach-Anaheim, CA",2022/10/04
-118.130511,34.669739,"06","037","9033",88101,1,NAD83,PM2.5 - Local Conditions,24-HR BLK AVG,PM25 24-hour 2012,Daily Mean,,2022,Micrograms/cubic meter (LC),No Events,177,48,N,177,365,0,0,0,0,Certification not required,0,7.385876,2.627947,15.1,2022/05/18 00:00:00+00,15,2022/04/27 00:00:00+00,14.6,2022/06/16 00:00:00+00,14,2022/03/03 00:00:00+00,,,,,15,14,12.7,11,8.8,6.9,4.4,Lancaster-Division Street,"43301 DIVISION ST., LANCASTER, CA",California,Los Angeles,Lancaster,"Los Angeles-Long Beach-Anaheim, CA",2022/09/01
-120.034203,36.953256,"06","039","2010",88101,3,WGS84,PM2.5 - Local Conditions,24-HR BLK AVG,PM25 24-hour 2012,Daily Mean,,2022,Micrograms/cubic meter (LC),No Events,115,32,N,115,365,0,0,2,2,Certification not required,0,11.903478,8.549155,40.1,2022/01/15 00:00:00+00,36.2,2022/01/16 00:00:00+00,35.2,2022/01/13 00:00:00+00,32.7,2022/01/22 00:00:00+00,,,,,36.2,35.2,31,25.2,15.9,8.9,3.6,Madera-City,28261 Avenue 14 Madera CA 93638,California,Madera,Madera,"Madera, CA",2022/10/18
-122.520004,37.97231,"06","041","0001",88101,3,WGS84,PM2.5 - Local Conditions,24-HR BLK AVG,PM25 24-hour 2012,Daily Mean,,2022,Micrograms/cubic meter (LC),No Events,238,65,N,238,365,0,0,0,0,Certification not required,0,6.252521,3.323979,20.6,2022/01/12 00:00:00+00,18,2022/01/13 00:00:00+00,17.3,2022/01/23 00:00:00+00,15.7,2022/02/04 00:00:00+00,,,,,17.3,15.4,12.2,10.9,8,5.8,2.7,San Rafael,534 4TH ST.,California,Marin,San Rafael,"San Francisco-Oakland-Hayward, CA",2022/10/18
-120.433671,37.281853,"06","047","0003",88101,3,NAD83,PM2.5 - Local Conditions,24-HR BLK AVG,PM25 24-hour 2012,Daily Mean,,2022,Micrograms/cubic meter (LC),No Events,84,23,N,84,365,0,0,0,0,Certification not required,0,12.945238,7.7799,33.6,2022/01/13 00:00:00+00,33.1,2022/01/22 00:00:00+00,31.7,2022/01/16 00:00:00+00,29.6,2022/02/03 00:00:00+00,,,,,33.6,33.1,26.7,24.4,18.3,11.8,4.6,Merced-Coffee,"385 S. COFFEE AVENUE, MERCED, CA 95340",California,Merced,,"Merced, CA",2022/10/18
-120.480456,37.30832,"06","047","2510",88101,3,NAD83,PM2.5 - Local Conditions,24-HR BLK AVG,PM25 24-hour 2012,Daily Mean,Multiple Methods Used,2022,Micrograms/cubic meter (LC),No Events,85,23,N,85,365,0,0,2,2,Certification not required,0,14.765882,8.99756,41.1,2022/01/22 00:00:00+00,37,2022/01/13 00:00:00+00,33.6,2022/01/16 00:00:00+00,30.1,2022/02/03 00:00:00+00,,,,,41.1,37,28.8,28.3,20.7,13.4,4.1,Merced-M St,"2334 'M' ST. MERCED, CA",California,Merced,Merced,"Merced, CA",2022/04/15
-118.96652,37.64571,"06","051","0001",88101,5,WGS84,PM2.5 - Local Conditions,24 HOUR,PM25 24-hour 2012,Daily Mean,R & P Model 2025 PM-2.5 Sequential Air Sampler w/VSCC - Gravimetric,2022,Micrograms/cubic meter (LC),No Events,55,45,N,55,122,0,6,0,0,Certification not required,0,7.563636,5.07632,20,2022/01/11 00:00:00+00,19,2022/01/29 00:00:00+00,18,2022/01/08 00:00:00+00,18,2022/01/23 00:00:00+00,,,,,20,19,18,16,11,6,3,Mammoth,"MAMMOTH, Corner of Old Mammoth Road and HWY 203,  MAMMOTH LAKES",California,Mono,Mammoth Lakes,,2022/09/23
-119.120278,37.962069,"06","051","0005",88101,4,NAD83,PM2.5 - Local Conditions,24-HR BLK AVG,PM25 24-hour 2012,Daily Mean,,2022,Micrograms/cubic meter (LC),No Events,176,48,N,176,365,0,0,0,0,Certification not required,0,2.988068,1.595538,12.3,2022/05/20 00:00:00+00,7.6,2022/04/27 00:00:00+00,6.7,2022/04/08 00:00:00+00,6.7,2022/04/28 00:00:00+00,,,,,7.6,6.7,5.8,5.1,3.9,2.7,1.5,Lee Vining,"330 Mattly Avenue, LEE VINING, 93541",California,Mono,,,2022/09/29
-121.73333,36.48187,"06","053","0002",88101,3,NAD83,PM2.5 - Local Conditions,24-HR BLK AVG,PM25 24-hour 2012,Daily Mean,,2022,Micrograms/cubic meter (LC),No Events,176,48,N,176,365,0,0,0,0,Certification not required,0,4.267614,2.116608,10.2,2022/04/09 00:00:00+00,10.2,2022/05/18 00:00:00+00,10.1,2022/05/21 00:00:00+00,9.5,2022/06/15 00:00:00+00,,,,,10.2,9.5,8.4,7.2,5.6,3.9,1.7,Carmel Valley,35 Ford Road,California,Monterey,Carmel Valley Village,"Salinas, CA",2022/09/30
-121.126371,36.209286,"06","053","0008",88101,3,NAD83,PM2.5 - Local Conditions,24-HR BLK AVG,PM25 24-hour 2012,Daily Mean,,2022,Micrograms/cubic meter (LC),No Events,171,47,N,171,365,0,0,0,0,Certification not required,0,5.560234,2.700882,13.5,2022/01/15 00:00:00+00,13.3,2022/05/23 00:00:00+00,13.2,2022/04/09 00:00:00+00,13.2,2022/05/19 00:00:00+00,,,,,13.3,13.2,11.2,9.1,7,5.3,2.6,King City 2,415 Pearl Street,California,Monterey,King City,"Salinas, CA",2022/09/30
-121.623271,36.694261,"06","053","1003",88101,2,NAD83,PM2.5 - Local Conditions,24 HOUR,PM25 24-hour 2012,Daily Mean,R & P Model 2000 PM-2.5 Air Sampler w/VSCC - Gravimetric,2022,Micrograms/cubic meter (LC),No Events,28,46,N,28,61,0,0,0,0,Certification not required,0,6.957143,2.422186,14.1,2022/04/29 00:00:00+00,10.3,2022/06/22 00:00:00+00,10.1,2022/05/17 00:00:00+00,10,2022/04/05 00:00:00+00,,,,,14.1,14.1,10.3,10.1,8.4,6.9,4.3,Salinas 3,867 E. LAUREL Dr,California,Monterey,Salinas,"Salinas, CA",2022/09/30
-121.623271,36.694261,"06","053","1003",88101,3,NAD83,PM2.5 - Local Conditions,24-HR BLK AVG,PM25 24-hour 2012,Daily Mean,,2022,Micrograms/cubic meter (LC),No Events,176,48,N,176,365,0,0,0,0,Certification not required,0,5.348295,2.960501,17.7,2022/01/01 00:00:00+00,15.7,2022/04/09 00:00:00+00,12.6,2022/05/21 00:00:00+00,12.3,2022/04/10 00:00:00+00,,,,,15.7,12.3,10.5,8.8,7,5.1,1.8,Salinas 3,867 E. LAUREL Dr,California,Monterey,Salinas,"Salinas, CA",2022/09/30
-121.055608,39.233477,"06","057","0005",88101,3,NAD83,PM2.5 - Local Conditions,24-HR BLK AVG,PM25 24-hour 2012,Daily Mean,Multiple Methods Used,2022,Micrograms/cubic meter (LC),No Events,240,66,N,240,365,0,0,0,0,Certification not required,0,3.897917,2.185775,13.4,2022/08/16 00:00:00+00,11.9,2022/01/30 00:00:00+00,11.6,2022/08/15 00:00:00+00,10.4,2022/08/17 00:00:00+00,,,,,11.6,9.7,8.1,6.7,4.9,3.6,1.3,Grass Valley-Litton Building,"200 LITTON DR.,  GRASS VALLEY, CA",California,Nevada,Grass Valley,"Truckee-Grass Valley, CA",2022/09/26
-120.184592,39.32783,"06","057","1001",88101,1,NAD83,PM2.5 - Local Conditions,24 HOUR,PM25 24-hour 2012,Daily Mean,R & P Model 2025 PM-2.5 Sequential Air Sampler w/VSCC - Gravimetric,2022,Micrograms/cubic meter (LC),No Events,39,32,N,39,122,0,14,0,0,Certification not required,0,5.153846,2.419205,14.7,2022/01/11 00:00:00+00,10.2,2022/04/26 00:00:00+00,8.1,2022/01/29 00:00:00+00,7.4,2022/01/26 00:00:00+00,,,,,14.7,14.7,10.2,7.4,6.1,5.2,2.4,Truckee-Fire Station,"FS-10049 DONNER PASS RD, TRUCKEE",California,Nevada,Truckee,"Truckee-Grass Valley, CA",2022/08/26
-117.93845,33.83062,"06","059","0007",88101,1,WGS84,PM2.5 - Local Conditions,24 HOUR,PM25 24-hour 2012,Daily Mean,R & P Model 2025 PM-2.5 Sequential Air Sampler w/VSCC - Gravimetric,2022,Micrograms/cubic meter (LC),No Events,176,48,N,176,365,0,5,0,0,Certification not required,0,9.897159,4.058971,26.7,2022/01/06 00:00:00+00,25.4,2022/01/05 00:00:00+00,22.1,2022/01/19 00:00:00+00,19.6,2022/01/07 00:00:00+00,,,,,25.4,19.6,16.6,14.3,12.5,9.7,5.2,Anaheim,1630 W. PAMPAS LANE,California,Orange,Anaheim,"Los Angeles-Long Beach-Anaheim, CA",2022/09/14
-117.93845,33.83062,"06","059","0007",88101,3,WGS84,PM2.5 - Local Conditions,24-HR BLK AVG,PM25 24-hour 2012,Daily Mean,,2022,Micrograms/cubic meter (LC),No Events,181,50,N,181,365,0,0,0,0,Certification not required,0,9.024309,4.018287,23.5,2022/01/05 00:00:00+00,22.7,2022/01/06 00:00:00+00,20.8,2022/01/19 00:00:00+00,20,2022/01/14 00:00:00+00,,,,,22.7,20,15.3,13.6,11.5,8.9,4.2,Anaheim,1630 W. PAMPAS LANE,California,Orange,Anaheim,"Los Angeles-Long Beach-Anaheim, CA",2022/09/30
-117.67593,33.63003,"06","059","2022",88101,3,WGS84,PM2.5 - Local Conditions,24-HR BLK AVG,PM25 24-hour 2012,Daily Mean,,2022,Micrograms/cubic meter (LC),No Events,108,30,N,108,365,0,0,0,0,Certification not required,0,8.217593,3.484246,22.6,2022/01/06 00:00:00+00,18.9,2022/04/10 00:00:00+00,16.9,2022/04/06 00:00:00+00,16.2,2022/01/14 00:00:00+00,,,,,18.9,16.9,14.7,12.6,9.9,7.5,4.4,Mission Viejo,"26081 VIA PERA, MISSION VIEJO, CA 92691",California,Orange,Mission Viejo,"Los Angeles-Long Beach-Anaheim, CA",2022/09/13
-121.09959,38.93568,"06","061","0003",88101,1,NAD83,PM2.5 - Local Conditions,24-HR BLK AVG,PM25 24-hour 2012,Daily Mean,,2022,Micrograms/cubic meter (LC),No Events,232,64,N,232,365,0,0,0,0,Certification not required,0,5.190948,3.527389,22.7,2022/02/06 00:00:00+00,21,2022/02/05 00:00:00+00,17.4,2022/02/03 00:00:00+00,16,2022/01/30 00:00:00+00,,,,,17.4,15.7,12,9.7,6.3,4.5,1.7,Auburn-Atwood,"11645 Atwood Street, Auburn",California,Placer,Auburn,"Sacramento--Roseville--Arden-Arcade, CA",2022/11/08
-121.26498,38.74643,"06","061","0006",88101,3,NAD83,PM2.5 - Local Conditions,24-HR BLK AVG,PM25 24-hour 2012,Daily Mean,,2022,Micrograms/cubic meter (LC),No Events,179,49,N,179,365,0,0,0,0,Certification not required,0,6.445251,4.398304,22.8,2022/01/16 00:00:00+00,20.3,2022/01/17 00:00:00+00,19.8,2022/01/15 00:00:00+00,19.1,2022/01/14 00:00:00+00,,,,,20.3,19.1,16.3,13.6,7.7,5.2,2.3,Roseville-N Sunrise Ave,"151 NO SUNRISE BLVD, ROSEVILLE, CA",California,Placer,Roseville,"Sacramento--Roseville--Arden-Arcade, CA",2022/10/14
-120.944376,39.939567,"06","063","1006",88101,1,NAD83,PM2.5 - Local Conditions,24 HOUR,PM25 24-hour 2012,Daily Mean,R & P Model 2025 PM-2.5 Sequential Air Sampler w/VSCC - Gravimetric,2022,Micrograms/cubic meter (LC),No Events,52,14,N,52,365,0,126,0,0,Certification not required,0,4.519231,3.214065,16.9,2022/07/25 00:00:00+00,16.5,2022/07/24 00:00:00+00,10.4,2022/07/26 00:00:00+00,9.1,2022/07/31 00:00:00+00,,,,,16.9,16.5,10.4,8,5.5,3.6,2.1,Quincy-N Church Street,"267 N. CHURCH ST., QUINCY, CA. 95971",California,Plumas,Quincy,,2022/10/06
-120.47069,39.81336,"06","063","1010",88101,1,WGS84,PM2.5 - Local Conditions,24 HOUR,PM25 24-hour 2012,Daily Mean,R & P Model 2025 PM-2.5 Sequential Air Sampler w/VSCC - Gravimetric,2022,Micrograms/cubic meter (LC),No Events,56,45,N,55,122,0,5,1,1,Certification not required,0,10.439286,8.907294,48,2022/01/17 00:00:00+00,28.2,2022/02/13 00:00:00+00,27,2022/02/19 00:00:00+00,24.1,2022/03/06 00:00:00+00,,,,,48,28.2,27,22.3,15.8,7.5,2.7,Portola,"420 Gulling Street, Portola, CA 96122",California,Plumas,Portola,,2022/10/06
-120.47069,39.81336,"06","063","1010",88101,2,WGS84,PM2.5 - Local Conditions,24 HOUR,PM25 24-hour 2012,Daily Mean,R & P Model 2025 PM-2.5 Sequential Air Sampler w/VSCC - Gravimetric,2022,Micrograms/cubic meter (LC),No Events,17,45,N,14,31,0,2,0,0,Certification not required,0,12.935294,8.674455,27,2022/02/19 00:00:00+00,26.6,2022/02/01 00:00:00+00,24.2,2022/03/06 00:00:00+00,20.8,2022/02/03 00:00:00+00,,,,,27,27,27,26.6,20.8,15.7,3.8,Portola,"420 Gulling Street, Portola, CA 96122",California,Plumas,Portola,,2022/10/06
-117.088649,33.447867,"06","065","0009",88101,1,WGS84,PM2.5 - Local Conditions,24-HR BLK AVG,PM25 24-hour 2012,Daily Mean,,2022,Micrograms/cubic meter (LC),No Events,54,15,N,54,365,0,0,0,0,Certification not required,0,4.598148,2.977747,11.6,2022/01/07 00:00:00+00,10.1,2022/01/08 00:00:00+00,9.4,2022/02/01 00:00:00+00,9.2,2022/01/19 00:00:00+00,,,,,11.6,10.1,9.4,8.7,6.5,4.6,0.7,Pechanga,"12705 Pechanga Rd., Temecula, CA 92592",California,Riverside,,"Riverside-San Bernardino-Ontario, CA",2022/11/09
-117.088649,33.447867,"06","065","0009",88101,2,WGS84,PM2.5 - Local Conditions,24 HOUR,PM25 24-hour 2012,Daily Mean,R & P Model 2000 PM-2.5 Air Sampler w/VSCC - Gravimetric,2022,Micrograms/cubic meter (LC),No Events,14,21,N,13,61,0,2,0,0,Certification not required,0,3.657143,1.351759,5.7,2022/03/18 00:00:00+00,5.4,2022/01/17 00:00:00+00,5.4,2022/03/09 00:00:00+00,4.5,2022/01/05 00:00:00+00,,,,,5.7,5.7,5.7,5.4,4.5,3.8,2.4,Pechanga,"12705 Pechanga Rd., Temecula, CA 92592",California,Riverside,,"Riverside-San Bernardino-Ontario, CA",2022/11/08
-116.1897,33.71969,"06","065","0500",88101,1,NAD83,PM2.5 - Local Conditions,24-HR BLK AVG,PM25 24-hour 2012,Daily Mean,,2022,Micrograms/cubic meter (LC),Events Included,179,49,N,179,365,0,0,4,4,Certification not required,0,11.056983,12.755514,110.2,2022/05/28 00:00:00+00,102.3,2022/05/29 00:00:00+00,64,2022/04/11 00:00:00+00,62.5,2022/05/08 00:00:00+00,,,,,102.3,62.5,24.8,16.2,11.8,8.3,4.1,29 Palms,"84245 Vista Del Norte, Indio, CA   92203",California,Riverside,Indio,"Riverside-San Bernardino-Ontario, CA",2022/09/29
-116.1897,33.71969,"06","065","0500",88101,2,NAD83,PM2.5 - Local Conditions,24 HOUR,PM25 24-hour 2012,Daily Mean,Met One E-FRM PM2.5 with VSCC - Gravimetric,2022,Micrograms/cubic meter (LC),Events Included,30,49,N,30,61,30,0,2,2,Certification not required,0,12.303333,17.345624,83.6,2022/05/29 00:00:00+00,62.8,2022/04/11 00:00:00+00,17.2,2022/05/17 00:00:00+00,17.1,2022/06/04 00:00:00+00,,,,,83.6,83.6,62.8,17.2,13.7,6.8,3.1,29 Palms,"84245 Vista Del Norte, Indio, CA   92203",California,Riverside,Indio,"Riverside-San Bernardino-Ontario, CA",2022/09/30
-116.830074,33.944713,"06","065","1016",88101,1,NAD83,PM2.5 - Local Conditions,24-HR BLK AVG,PM25 24-hour 2012,Daily Mean,,2022,Micrograms/cubic meter (LC),Events Included,199,55,N,199,365,0,0,0,0,Certification not required,0,8.342211,5.806477,30.6,2022/04/02 00:00:00+00,29,2022/07/05 00:00:00+00,23.2,2022/04/01 00:00:00+00,22.9,2022/04/10 00:00:00+00,,,,,29,22.9,18.4,16,12.3,7.7,1.4,Morongo Air Monitoring Station,"12160 Santiago Rd. Banning, CA 92220",California,Riverside,Banning,"Riverside-San Bernardino-Ontario, CA",2022/10/25
-116.830074,33.944713,"06","065","1016",88101,2,NAD83,PM2.5 - Local Conditions,24 HOUR,PM25 24-hour 2012,Daily Mean,R & P Model 2000 PM-2.5 Air Sampler w/VSCC - Gravimetric,2022,Micrograms/cubic meter (LC),Events Included,34,54,N,33,61,34,2,0,0,Certification not required,0,6.667647,4.117569,14.2,2022/06/16 00:00:00+00,12.9,2022/04/11 00:00:00+00,12.7,2022/05/23 00:00:00+00,12.3,2022/04/05 00:00:00+00,,,,,14.2,14.2,12.9,12.3,10.3,6.9,1.6,Morongo Air Monitoring Station,"12160 Santiago Rd. Banning, CA 92220",California,Riverside,Banning,"Riverside-San Bernardino-Ontario, CA",2022/10/25
-116.21537,33.70853,"06","065","2002",88101,1,WGS84,PM2.5 - Local Conditions,24 HOUR,PM25 24-hour 2012,Daily Mean,Multiple Methods Used,2022,Micrograms/cubic meter (LC),No Events,13,37,N,13,35,0,0,0,0,Certification not required,0,7.669231,5.06662,21.3,2022/04/11 00:00:00+00,14.2,2022/01/08 00:00:00+00,10.1,2022/01/05 00:00:00+00,8.3,2022/01/02 00:00:00+00,,,,,21.3,21.3,21.3,14.2,8.3,5.8,4.2,Indio,"46-990 JACKSON ST., INDIO",California,Riverside,Indio,"Riverside-San Bernardino-Ontario, CA",2022/09/14
-116.21537,33.70853,"06","065","2002",88101,3,WGS84,PM2.5 - Local Conditions,24-HR BLK AVG,PM25 24-hour 2012,Daily Mean,,2022,Micrograms/cubic meter (LC),No Events,110,30,N,110,365,0,0,0,0,Certification not required,0,8.861818,4.01753,25.1,2022/04/10 00:00:00+00,25.1,2022/04/11 00:00:00+00,18.8,2022/01/08 00:00:00+00,16.1,2022/04/09 00:00:00+00,,,,,25.1,18.8,15.5,13.7,11.1,8.2,4.7,Indio,"46-990 JACKSON ST., INDIO",California,Riverside,Indio,"Riverside-San Bernardino-Ontario, CA",2022/09/30
-116.54101,33.85275,"06","065","5001",88101,1,WGS84,PM2.5 - Local Conditions,24 HOUR,PM25 24-hour 2012,Daily Mean,R & P Model 2025 PM-2.5 Sequential Air Sampler w/VSCC - Gravimetric,2022,Micrograms/cubic meter (LC),No Events,60,49,N,60,122,0,0,0,0,Certification not required,0,6.571667,4.93981,31.2,2022/05/29 00:00:00+00,16.7,2022/06/16 00:00:00+00,16.1,2022/06/10 00:00:00+00,12.6,2022/04/11 00:00:00+00,,,,,31.2,16.7,16.1,11.8,9.1,5.2,2.1,Palm Springs,"FS-590 RACQUET CLUB AVE, PALM SPRINGS",California,Riverside,Palm Springs,"Riverside-San Bernardino-Ontario, CA",2022/09/14
-117.41601,33.99958,"06","065","8001",88101,1,WGS84,PM2.5 - Local Conditions,24 HOUR,PM25 24-hour 2012,Daily Mean,R & P Model 2025 PM-2.5 Sequential Air Sampler w/VSCC - Gravimetric,2022,Micrograms/cubic meter (LC),No Events,171,47,N,171,365,0,10,0,0,Certification not required,0,10.702339,5.349359,28.8,2022/01/08 00:00:00+00,27.6,2022/01/07 00:00:00+00,26.9,2022/01/19 00:00:00+00,26.3,2022/02/01 00:00:00+00,,,,,27.6,26.3,19.7,17.2,14.1,10.5,4.4,Rubidoux,"5888 MISSION BLVD., RUBIDOUX",California,Riverside,Rubidoux,"Riverside-San Bernardino-Ontario, CA",2022/09/14
-117.41601,33.99958,"06","065","8001",88101,2,WGS84,PM2.5 - Local Conditions,24 HOUR,PM25 24-hour 2012,Daily Mean,R & P Model 2025 PM-2.5 Sequential Air Sampler w/VSCC - Gravimetric,2022,Micrograms/cubic meter (LC),No Events,27,44,N,27,61,0,3,0,0,Certification not required,0,10.603704,5.389625,20.5,2022/04/05 00:00:00+00,19.6,2022/04/29 00:00:00+00,18.9,2022/01/05 00:00:00+00,17.6,2022/01/17 00:00:00+00,,,,,20.5,20.5,19.6,18.9,15.4,10.1,3.6,Rubidoux,"5888 MISSION BLVD., RUBIDOUX",California,Riverside,Rubidoux,"Riverside-San Bernardino-Ontario, CA",2022/09/14
-117.41601,33.99958,"06","065","8001",88101,3,WGS84,PM2.5 - Local Conditions,24-HR BLK AVG,PM25 24-hour 2012,Daily Mean,,2022,Micrograms/cubic meter (LC),No Events,180,49,N,180,365,0,0,0,0,Certification not required,0,10.698889,5.050051,23,2022/01/31 00:00:00+00,22.8,2022/01/07 00:00:00+00,22.5,2022/02/01 00:00:00+00,21.4,2022/01/08 00:00:00+00,,,,,22.8,21.4,19,17.6,14.3,10.6,4.3,Rubidoux,"5888 MISSION BLVD., RUBIDOUX",California,Riverside,Rubidoux,"Riverside-San Bernardino-Ontario, CA",2022/09/14
-117.4924,33.99636,"06","065","8005",88101,1,NAD83,PM2.5 - Local Conditions,24 HOUR,PM25 24-hour 2012,Daily Mean,R & P Model 2025 PM-2.5 Sequential Air Sampler w/VSCC - Gravimetric,2022,Micrograms/cubic meter (LC),No Events,177,48,N,177,365,0,4,0,0,Certification not required,0,11.030508,5.744254,32.1,2022/01/07 00:00:00+00,30.3,2022/01/08 00:00:00+00,28.1,2022/01/19 00:00:00+00,26.2,2022/01/05 00:00:00+00,,,,,30.3,26.2,20,17.6,14.9,10.4,4.5,Mira Loma (Van Buren),5130 POINSETTIA PLACE,California,Riverside,Mira Loma,"Riverside-San Bernardino-Ontario, CA",2022/09/14
-117.4924,33.99636,"06","065","8005",88101,2,NAD83,PM2.5 - Local Conditions,24 HOUR,PM25 24-hour 2012,Daily Mean,R & P Model 2025 PM-2.5 Sequential Air Sampler w/VSCC - Gravimetric,2022,Micrograms/cubic meter (LC),No Events,28,46,N,28,61,0,2,0,0,Certification not required,0,11.403571,5.755029,26.5,2022/01/05 00:00:00+00,19.7,2022/01/17 00:00:00+00,19,2022/04/05 00:00:00+00,17.5,2022/01/29 00:00:00+00,,,,,26.5,26.5,19.7,19,15.3,12,3,Mira Loma (Van Buren),5130 POINSETTIA PLACE,California,Riverside,Mira Loma,"Riverside-San Bernardino-Ontario, CA",2022/09/14
-121.368014,38.613779,"06","067","0006",88101,1,WGS84,PM2.5 - Local Conditions,24 HOUR,PM25 24-hour 2012,Daily Mean,R & P Model 2025 PM-2.5 Sequential Air Sampler w/VSCC - Gravimetric,2022,Micrograms/cubic meter (LC),No Events,195,53,N,195,365,0,17,5,5,Certification not required,0,8.828718,8.700711,42.3,2022/01/15 00:00:00+00,40.4,2022/01/23 00:00:00+00,38.5,2022/02/05 00:00:00+00,37.3,2022/02/04 00:00:00+00,,,,,40.4,37.3,29.3,22,8.4,5.3,2.8,Sacramento-Del Paso Manor,"DEL PASO-2701 AVALON DR, SACRAMENTO",California,Sacramento,Arden-Arcade,"Sacramento--Roseville--Arden-Arcade, CA",2022/10/06
-121.368014,38.613779,"06","067","0006",88101,2,WGS84,PM2.5 - Local Conditions,24 HOUR,PM25 24-hour 2012,Daily Mean,R & P Model 2025 PM-2.5 Sequential Air Sampler w/VSCC - Gravimetric,2022,Micrograms/cubic meter (LC),No Events,18,58,N,18,31,0,0,1,1,Certification not required,0,7.794444,9.157348,35.9,2022/01/17 00:00:00+00,24.1,2022/01/29 00:00:00+00,17,2022/02/10 00:00:00+00,8.2,2022/07/04 00:00:00+00,,,,,35.9,35.9,35.9,24.1,7.2,5.8,1,Sacramento-Del Paso Manor,"DEL PASO-2701 AVALON DR, SACRAMENTO",California,Sacramento,Arden-Arcade,"Sacramento--Roseville--Arden-Arcade, CA",2022/10/06
-121.368014,38.613779,"06","067","0006",88101,3,WGS84,PM2.5 - Local Conditions,24-HR BLK AVG,PM25 24-hour 2012,Daily Mean,,2022,Micrograms/cubic meter (LC),No Events,59,16,N,59,365,0,0,5,5,Certification not required,0,20.520339,9.935009,40,2022/01/23 00:00:00+00,39.6,2022/01/15 00:00:00+00,38.7,2022/02/05 00:00:00+00,37.9,2022/02/04 00:00:00+00,,,,,40,39.6,38.7,34.8,27.8,21.2,5.5,Sacramento-Del Paso Manor,"DEL PASO-2701 AVALON DR, SACRAMENTO",California,Sacramento,Arden-Arcade,"Sacramento--Roseville--Arden-Arcade, CA",2022/09/13
-121.49311,38.56844,"06","067","0010",88101,2,NAD83,PM2.5 - Local Conditions,24 HOUR,PM25 24-hour 2012,Daily Mean,R & P Model 2000 PM-2.5 Air Sampler w/VSCC - Gravimetric,2022,Micrograms/cubic meter (LC),No Events,18,55,N,17,31,0,1,0,0,Certification not required,0,7.5,6.138116,23.4,2022/01/17 00:00:00+00,20,2022/02/10 00:00:00+00,15.5,2022/01/29 00:00:00+00,9.4,2022/03/06 00:00:00+00,,,,,23.4,23.4,23.4,20,8.4,6,2.5,Sacramento-1309 T Street,"1309 T ST., SACRAMENTO, CA. 95814",California,Sacramento,Sacramento,"Sacramento--Roseville--Arden-Arcade, CA",2022/10/06
-121.49311,38.56844,"06","067","0010",88101,3,NAD83,PM2.5 - Local Conditions,24-HR BLK AVG,PM25 24-hour 2012,Daily Mean,,2022,Micrograms/cubic meter (LC),No Events,172,47,N,172,365,0,0,0,0,Certification not required,0,8.418023,6.942864,31.4,2022/01/23 00:00:00+00,30.6,2022/02/04 00:00:00+00,29.4,2022/01/15 00:00:00+00,27.4,2022/02/05 00:00:00+00,,,,,30.6,27.4,23.3,20.4,11.1,5.8,2.3,Sacramento-1309 T Street,"1309 T ST., SACRAMENTO, CA. 95814",California,Sacramento,Sacramento,"Sacramento--Roseville--Arden-Arcade, CA",2022/10/14
-121.164457,38.683304,"06","067","0012",88101,3,WGS84,PM2.5 - Local Conditions,24-HR BLK AVG,PM25 24-hour 2012,Daily Mean,,2022,Micrograms/cubic meter (LC),No Events,56,15,N,56,365,0,0,0,0,Certification not required,0,10.0125,4.593318,19.5,2022/01/23 00:00:00+00,17.5,2022/01/20 00:00:00+00,17.3,2022/02/06 00:00:00+00,17.2,2022/01/17 00:00:00+00,,,,,19.5,17.5,17.3,16.6,14.7,9.4,4.5,Folsom-Natoma St.,"50 NATOMA STREET, FOLSOM",California,Sacramento,Folsom,"Sacramento--Roseville--Arden-Arcade, CA",2022/09/13
-121.164457,38.683304,"06","067","0012",88101,4,WGS84,PM2.5 - Local Conditions,24-HR BLK AVG,PM25 24-hour 2012,Daily Mean,,2022,Micrograms/cubic meter (LC),No Events,59,16,N,59,365,0,0,0,0,Certification not required,0,10.555932,4.966136,19.9,2022/01/23 00:00:00+00,18.9,2022/01/20 00:00:00+00,18.8,2022/01/16 00:00:00+00,18.6,2022/01/17 00:00:00+00,,,,,19.9,18.9,18.8,17.7,15.5,9.4,4.4,Folsom-Natoma St.,"50 NATOMA STREET, FOLSOM",California,Sacramento,Folsom,"Sacramento--Roseville--Arden-Arcade, CA",2022/09/13
-121.503795,38.593322,"06","067","0015",88101,3,WGS84,PM2.5 - Local Conditions,24-HR BLK AVG,PM25 24-hour 2012,Daily Mean,,2022,Micrograms/cubic meter (LC),No Events,59,16,N,59,365,0,0,1,1,Certification not required,0,16.964407,9.484248,36,2022/01/23 00:00:00+00,34.4,2022/02/05 00:00:00+00,33,2022/01/16 00:00:00+00,32.3,2022/02/04 00:00:00+00,,,,,36,34.4,33,31,24.8,16.2,3.1,Sacramento-Bercut Drive,"100 Bercut Drive, Sacramento",California,Sacramento,Sacramento,"Sacramento--Roseville--Arden-Arcade, CA",2022/09/13
-121.211131,38.494475,"06","067","5003",88101,3,WGS84,PM2.5 - Local Conditions,24-HR BLK AVG,PM25 24-hour 2012,Daily Mean,,2022,Micrograms/cubic meter (LC),No Events,59,16,N,59,365,0,0,0,0,Certification not required,0,11.591525,5.694198,23.8,2022/01/23 00:00:00+00,21.6,2022/01/16 00:00:00+00,21.3,2022/01/13 00:00:00+00,21.2,2022/01/17 00:00:00+00,,,,,23.8,21.6,21.3,19.5,15.6,11.5,4.2,Sloughhouse,"7250 SLOUGHHOUSE ROAD, SLOUGHHOUSE",California,Sacramento,,"Sacramento--Roseville--Arden-Arcade, CA",2022/09/13
-121.3621,36.843425,"06","069","0002",88101,3,NAD83,PM2.5 - Local Conditions,24-HR BLK AVG,PM25 24-hour 2012,Daily Mean,,2022,Micrograms/cubic meter (LC),No Events,181,50,N,181,365,0,0,0,0,Certification not required,0,4.940331,2.606632,12.2,2022/01/18 00:00:00+00,11.7,2022/01/19 00:00:00+00,11.7,2022/01/29 00:00:00+00,10.9,2022/04/26 00:00:00+00,,,,,11.7,10.9,9.9,9.1,6.2,4.3,1.7,Hollister,1979 Fairview Rd,California,San Benito,Hollister,"San Jose-Sunnyvale-Santa Clara, CA",2022/09/30
-117.61722,34.030833,"06","071","0027",88101,1,WGS84,PM2.5 - Local Conditions,24 HOUR,PM25 24-hour 2012,Daily Mean,R & P Model 2025 PM-2.5 Sequential Air Sampler w/VSCC - Gravimetric,2022,Micrograms/cubic meter (LC),No Events,178,49,N,178,365,0,3,0,0,Certification not required,0,12.157303,4.958686,29.6,2022/01/07 00:00:00+00,28.9,2022/01/19 00:00:00+00,26.7,2022/01/08 00:00:00+00,26.4,2022/01/05 00:00:00+00,,,,,28.9,26.4,20.6,18.4,15.1,11.4,6.6,Ontario-Route 60 Near Road,2330 S. Castle Harbour,California,San Bernardino,Ontario,"Riverside-San Bernardino-Ontario, CA",2022/09/14
-117.61722,34.030833,"06","071","0027",88101,3,WGS84,PM2.5 - Local Conditions,24-HR BLK AVG,PM25 24-hour 2012,Daily Mean,Multiple Methods Used,2022,Micrograms/cubic meter (LC),No Events,68,19,N,68,365,0,0,0,0,Certification not required,0,14.216176,6.801111,32.5,2022/01/07 00:00:00+00,30.3,2022/01/19 00:00:00+00,30.2,2022/01/05 00:00:00+00,29.6,2022/02/01 00:00:00+00,,,,,32.5,30.3,29.6,25.5,18.2,12.4,7,Ontario-Route 60 Near Road,2330 S. Castle Harbour,California,San Bernardino,Ontario,"Riverside-San Bernardino-Ontario, CA",2022/10/05
-117.32554,34.510961,"06","071","0306",88101,1,NAD83,PM2.5 - Local Conditions,24-HR BLK AVG,PM25 24-hour 2012,Daily Mean,,2022,Micrograms/cubic meter (LC),No Events,174,48,N,174,365,0,0,0,0,Certification not required,0,9.821839,3.033814,24.6,2022/05/29 00:00:00+00,19.6,2022/06/13 00:00:00+00,19,2022/05/28 00:00:00+00,18.2,2022/06/16 00:00:00+00,,,,,19.6,18.2,15.6,13.2,11.2,9.5,6.4,Victorville-Park Avenue,"14306 PARK AVE., VICTORVILLE, CA",California,San Bernardino,Victorville,"Riverside-San Bernardino-Ontario, CA",2022/09/13
-117.32554,34.510961,"06","071","0306",88101,2,NAD83,PM2.5 - Local Conditions,24-HR BLK AVG,PM25 24-hour 2012,Daily Mean,,2022,Micrograms/cubic meter (LC),No Events,172,47,N,172,365,0,0,0,0,Certification not required,0,9.141279,2.721151,20.4,2022/05/29 00:00:00+00,16.4,2022/06/16 00:00:00+00,15.8,2022/05/28 00:00:00+00,15.5,2022/04/02 00:00:00+00,,,,,16.4,15.5,13.7,12.3,10.9,9.2,5.8,Victorville-Park Avenue,"14306 PARK AVE., VICTORVILLE, CA",California,San Bernardino,Victorville,"Riverside-San Bernardino-Ontario, CA",2022/09/13
-117.49201,34.10002,"06","071","2002",88101,1,WGS84,PM2.5 - Local Conditions,24 HOUR,PM25 24-hour 2012,Daily Mean,R & P Model 2025 PM-2.5 Sequential Air Sampler w/VSCC - Gravimetric,2022,Micrograms/cubic meter (LC),No Events,59,48,N,59,122,0,1,0,0,Certification not required,0,10.430508,5.812479,30.6,2022/01/08 00:00:00+00,28.1,2022/02/01 00:00:00+00,22.4,2022/04/02 00:00:00+00,18,2022/06/01 00:00:00+00,,,,,30.6,28.1,22.4,17.4,14.4,9.2,3.9,Fontana,"14360 ARROW BLVD., FONTANA",California,San Bernardino,Fontana,"Riverside-San Bernardino-Ontario, CA",2022/09/14
-116.86147,34.26464,"06","071","8001",88101,1,NAD83,PM2.5 - Local Conditions,24 HOUR,PM25 24-hour 2012,Daily Mean,R & P Model 2000 PM-2.5 Air Sampler w/VSCC - Gravimetric,2022,Micrograms/cubic meter (LC),No Events,14,45,N,14,31,0,2,0,0,Certification not required,0,7.471429,4.859951,22.1,2022/01/29 00:00:00+00,12.2,2022/01/05 00:00:00+00,9.6,2022/03/18 00:00:00+00,8.8,2022/01/17 00:00:00+00,,,,,22.1,22.1,22.1,12.2,8.8,6.2,4.3,Big Bear,"501 W. VALLEY BLVD., BIG BEAR CITY,",California,San Bernardino,Big Bear City,"Riverside-San Bernardino-Ontario, CA",2022/09/14
-116.86147,34.26464,"06","071","8001",88101,3,NAD83,PM2.5 - Local Conditions,24-HR BLK AVG,PM25 24-hour 2012,Daily Mean,,2022,Micrograms/cubic meter (LC),No Events,181,50,N,181,365,0,0,0,0,Certification not required,0,8.458564,4.279382,24.5,2022/01/02 00:00:00+00,24.3,2022/01/29 00:00:00+00,23.3,2022/02/26 00:00:00+00,21.7,2022/01/16 00:00:00+00,,,,,24.3,21.7,16.4,14.8,10.2,7.5,4.5,Big Bear,"501 W. VALLEY BLVD., BIG BEAR CITY,",California,San Bernardino,Big Bear City,"Riverside-San Bernardino-Ontario, CA",2022/09/20
-117.274063,34.106678,"06","071","9004",88101,1,NAD83,PM2.5 - Local Conditions,24 HOUR,PM25 24-hour 2012,Daily Mean,R & P Model 2025 PM-2.5 Sequential Air Sampler w/VSCC - Gravimetric,2022,Micrograms/cubic meter (LC),No Events,57,47,N,57,122,0,3,1,1,Certification not required,0,10.935088,5.983265,40.1,2022/01/08 00:00:00+00,22.7,2022/04/02 00:00:00+00,21.8,2022/02/01 00:00:00+00,17.3,2022/04/05 00:00:00+00,,,,,40.1,22.7,21.8,16.9,13.7,10.6,5.1,San Bernardino,"24302 4TH ST., SAN BERNARDINO, CA.",California,San Bernardino,San Bernardino,"Riverside-San Bernardino-Ontario, CA",2022/09/14
-117.059088,32.631242,"06","073","0001",88101,1,NAD83,PM2.5 - Local Conditions,24 HOUR,PM25 24-hour 2012,Daily Mean,Met One E-SEQ-FRM PM2.5 with VSCC - Gravimetric,2022,Micrograms/cubic meter (LC),No Events,41,34,N,41,122,0,23,0,0,Certification not required,0,8.5,3.421695,15.1,2022/05/05 00:00:00+00,14.7,2022/06/16 00:00:00+00,14.2,2022/04/29 00:00:00+00,14,2022/02/01 00:00:00+00,,,,,15.1,15.1,14.2,14,10.6,7.7,5.2,Chula Vista,"84 E. 'J' ST., CHULA VISTA",California,San Diego,Chula Vista,"San Diego-Carlsbad, CA",2022/09/06
-116.365,32.6509,"06","073","0077",88101,3,WGS84,PM2.5 - Local Conditions,24-HR BLK AVG,PM25 24-hour 2012,Daily Mean,,2022,Micrograms/cubic meter (LC),Events Included,280,77,N,280,365,0,0,0,0,Certification not required,0,6.859286,3.189575,18.4,2022/04/28 00:00:00+00,15.3,2022/05/03 00:00:00+00,14.9,2022/08/22 00:00:00+00,14.2,2022/01/08 00:00:00+00,,,,,14.9,13.3,12.3,10.9,9,6.8,2.5,Campo Indian Reservation,"Campo Kumeyaay Nation, 36190 Church Rd, Ste 4, Campo, CA 91906",California,San Diego,Campo,"San Diego-Carlsbad, CA",2022/10/11
-117.123964,32.845709,"06","073","1016",88101,1,NAD83,PM2.5 - Local Conditions,24 HOUR,PM25 24-hour 2012,Daily Mean,Met One E-SEQ-FRM PM2.5 with VSCC - Gravimetric,2022,Micrograms/cubic meter (LC),No Events,47,39,N,47,122,0,15,0,0,Certification not required,0,6.814894,3.211188,13.9,2022/06/01 00:00:00+00,13.5,2022/06/22 00:00:00+00,12.9,2022/06/16 00:00:00+00,12.2,2022/03/03 00:00:00+00,,,,,13.9,13.9,12.9,12.1,9.2,6,2.9,Kearny Villa Rd.,"6125A KEARNY VILLA RD., SAN DIEGO",California,San Diego,San Diego,"San Diego-Carlsbad, CA",2022/09/06
-117.123964,32.845709,"06","073","1016",88101,2,NAD83,PM2.5 - Local Conditions,24 HOUR,PM25 24-hour 2012,Daily Mean,Met One E-SEQ-FRM PM2.5 with VSCC - Gravimetric,2022,Micrograms/cubic meter (LC),No Events,31,48,N,29,61,0,2,0,0,Certification not required,0,6.993548,3.56005,13.5,2022/06/22 00:00:00+00,13.1,2022/06/16 00:00:00+00,12.9,2022/04/11 00:00:00+00,12.4,2022/04/29 00:00:00+00,,,,,13.5,13.5,13.1,12.9,10.7,6.1,3.2,Kearny Villa Rd.,"6125A KEARNY VILLA RD., SAN DIEGO",California,San Diego,San Diego,"San Diego-Carlsbad, CA",2022/09/06
-117.08218,32.985442,"06","073","1017",88101,1,WGS84,PM2.5 - Local Conditions,24 HOUR,PM25 24-hour 2012,Daily Mean,Met One E-SEQ-FRM PM2.5 with VSCC - Gravimetric,2022,Micrograms/cubic meter (LC),No Events,57,47,N,57,122,0,3,0,0,Certification not required,0,7.724561,3.251718,14.7,2022/06/22 00:00:00+00,14.6,2022/06/01 00:00:00+00,14.5,2022/06/16 00:00:00+00,13.7,2022/04/11 00:00:00+00,,,,,14.7,14.6,14.5,12.4,10.1,7.3,3.6,San Diego -Rancho Carmel Drive,11403 Rancho Carmel Drive,California,San Diego,San Diego,"San Diego-Carlsbad, CA",2022/09/30
-116.944308,32.789565,"06","073","1022",88101,1,NAD83,PM2.5 - Local Conditions,24 HOUR,PM25 24-hour 2012,Daily Mean,Met One E-SEQ-FRM PM2.5 with VSCC - Gravimetric,2022,Micrograms/cubic meter (LC),No Events,174,48,N,174,365,0,7,0,0,Certification not required,0,9.278161,3.505583,26.4,2022/01/05 00:00:00+00,23.7,2022/01/07 00:00:00+00,19.8,2022/01/06 00:00:00+00,17.4,2022/04/27 00:00:00+00,,,,,23.7,17.4,14.8,13.5,11.2,9.2,5.6,El Cajon - Lexington Elementary School,533 First Street,California,San Diego,El Cajon,"San Diego-Carlsbad, CA",2022/09/06
-117.142665,32.710177,"06","073","1026",88101,1,NAD83,PM2.5 - Local Conditions,24 HOUR,PM25 24-hour 2012,Daily Mean,Met One E-SEQ-FRM PM2.5 with VSCC - Gravimetric,2022,Micrograms/cubic meter (LC),No Events,59,48,N,59,122,0,2,0,0,Certification not required,0,8.872881,3.176087,18.1,2022/01/14 00:00:00+00,15.7,2022/04/26 00:00:00+00,14.7,2022/06/22 00:00:00+00,14.4,2022/01/05 00:00:00+00,,,,,18.1,15.7,14.7,13.5,10.7,8.3,5,San Diego - Sherman Elementary School,450B 24th Street,California,San Diego,San Diego,"San Diego-Carlsbad, CA",2022/09/06
-117.142665,32.710177,"06","073","1026",88101,3,NAD83,PM2.5 - Local Conditions,24-HR BLK AVG,PM25 24-hour 2012,Daily Mean,,2022,Micrograms/cubic meter (LC),No Events,13,4,N,13,365,0,0,0,0,Certification not required,0,10.769231,3.518377,16.3,2022/05/31 00:00:00+00,15.5,2022/05/19 00:00:00+00,14.5,2022/05/25 00:00:00+00,14.4,2022/05/30 00:00:00+00,,,,,16.3,16.3,16.3,15.5,14.4,9.4,7.2,San Diego - Sherman Elementary School,450B 24th Street,California,San Diego,San Diego,"San Diego-Carlsbad, CA",2022/11/09
-117.09023,33.362593,"06","073","1201",88101,1,WGS84,PM2.5 - Local Conditions,24-HR BLK AVG,PM25 24-hour 2012,Daily Mean,,2022,Micrograms/cubic meter (LC),Events Included,181,50,N,181,365,0,0,0,0,Certification not required,0,10.249171,3.782542,22.4,2022/05/11 00:00:00+00,21.3,2022/04/10 00:00:00+00,20.8,2022/04/27 00:00:00+00,18.9,2022/01/07 00:00:00+00,,,,,21.3,18.9,16.4,14.9,13,9.8,5.7,Pala Airpad,"10848 HWY 76, PALA, CA 92059",California,San Diego,Pala,"San Diego-Carlsbad, CA",2022/09/19
-122.399044,37.765946,"06","075","0005",88101,3,WGS84,PM2.5 - Local Conditions,24-HR BLK AVG,PM25 24-hour 2012,Daily Mean,,2022,Micrograms/cubic meter (LC),No Events,239,65,N,239,365,0,0,0,0,Certification not required,0,6.495397,4.580634,23.9,2022/01/13 00:00:00+00,20.2,2022/01/12 00:00:00+00,18.8,2022/01/26 00:00:00+00,18.3,2022/02/05 00:00:00+00,,,,,18.8,17.8,14.7,12.6,9.5,5.9,1.3,San Francisco,10 ARKANSAS ST.,California,San Francisco,San Francisco,"San Francisco-Oakland-Hayward, CA",2022/10/18
-121.281414,37.961578,"06","077","1003",88101,3,WGS84,PM2.5 - Local Conditions,24-HR BLK AVG,PM25 24-hour 2012,Daily Mean,,2022,Micrograms/cubic meter (LC),No Events,174,48,N,174,365,0,0,1,1,Certification not required,0,9.728736,9.199502,38.8,2022/02/05 00:00:00+00,35.2,2022/01/16 00:00:00+00,34.6,2022/01/23 00:00:00+00,33.5,2022/02/04 00:00:00+00,,,,,35.2,33.5,29.5,25.5,12.9,6.2,2.2,Stockton - University Park,"702 N Aurora Street, Stockton, CA 95202",California,San Joaquin,Stockton,"Stockton-Lodi, CA",2022/10/19
-121.247874,37.793392,"06","077","2010",88101,3,NAD83,PM2.5 - Local Conditions,24-HR BLK AVG,PM25 24-hour 2012,Daily Mean,,2022,Micrograms/cubic meter (LC),No Events,84,23,N,84,365,0,0,2,2,Certification not required,0,15.572619,9.592182,37.6,2022/01/16 00:00:00+00,36.5,2022/02/04 00:00:00+00,34.2,2022/01/13 00:00:00+00,33.3,2022/01/23 00:00:00+00,,,,,37.6,36.5,33.1,27.7,22.7,13.8,4.6,Manteca,"530 Fishback Road Manteca, CA",California,San Joaquin,Manteca,"Stockton-Lodi, CA",2022/10/16
-120.56388,35.02083,"06","079","2004",88101,1,WGS84,PM2.5 - Local Conditions,24-HR BLK AVG,PM25 24-hour 2012,Daily Mean,,2022,Micrograms/cubic meter (LC),No Events,181,50,N,181,365,0,0,0,0,Certification not required,0,8.197238,4.835476,24.1,2022/04/10 00:00:00+00,23.9,2022/06/13 00:00:00+00,22.3,2022/06/14 00:00:00+00,21.5,2022/04/09 00:00:00+00,,,,,23.9,21.5,18.2,14.3,10.5,7.2,3.1,Mesa2,"1300 GUADALUPE RD., NIPOMO, CA., 93444",California,San Luis Obispo,Nipomo,"San Luis Obispo-Paso Robles-Arroyo Grande, CA",2022/09/27
-120.58777,35.04673,"06","079","2007",88101,1,NAD83,PM2.5 - Local Conditions,24-HR BLK AVG,PM25 24-hour 2012,Daily Mean,,2022,Micrograms/cubic meter (LC),No Events,180,49,N,180,365,0,0,0,0,Certification not required,0,11.179444,5.059784,26.8,2022/04/09 00:00:00+00,26.1,2022/04/10 00:00:00+00,25.9,2022/06/13 00:00:00+00,24.7,2022/05/30 00:00:00+00,,,,,26.1,24.7,21.7,17.8,14.6,10.1,5.5,Arroyo Grande CDF,"2391 Willow Road, Arroyo Grande, California",California,San Luis Obispo,Arroyo Grande,"San Luis Obispo-Paso Robles-Arroyo Grande, CA",2022/09/27
-120.64472,35.259502,"06","079","2020",88101,1,WGS84,PM2.5 - Local Conditions,24-HR BLK AVG,PM25 24-hour 2012,Daily Mean,,2022,Micrograms/cubic meter (LC),No Events,176,48,N,176,365,0,0,0,0,Certification not required,0,7.408523,3.04073,20.2,2022/04/09 00:00:00+00,18.7,2022/05/19 00:00:00+00,16,2022/05/24 00:00:00+00,15,2022/05/22 00:00:00+00,,,,,18.7,15,13.2,11.7,9.1,6.8,4.2,SLO Roberto,3433 Roberto Ct.,California,San Luis Obispo,San Luis Obispo,"San Luis Obispo-Paso Robles-Arroyo Grande, CA",2022/09/27
-120.66617,35.49453,"06","079","8002",88101,3,WGS84,PM2.5 - Local Conditions,24-HR BLK AVG,PM25 24-hour 2012,Daily Mean,,2022,Micrograms/cubic meter (LC),No Events,165,45,N,165,365,0,0,0,0,Certification not required,0,7.327879,5.136984,22.8,2022/01/20 00:00:00+00,22.4,2022/01/14 00:00:00+00,22,2022/01/15 00:00:00+00,19.5,2022/01/29 00:00:00+00,,,,,22.4,19.5,17.9,15.6,10.3,5.7,2.3,Atascadero,"5599 Traffic Way, Atascadero CA",California,San Luis Obispo,Atascadero,"San Luis Obispo-Paso Robles-Arroyo Grande, CA",2022/09/27
-122.20337,37.482934,"06","081","1001",88101,3,WGS84,PM2.5 - Local Conditions,24-HR BLK AVG,PM25 24-hour 2012,Daily Mean,,2022,Micrograms/cubic meter (LC),No Events,236,65,N,236,365,0,0,0,0,Certification not required,0,6.544068,4.579623,23.7,2022/01/13 00:00:00+00,21.1,2022/02/05 00:00:00+00,20.5,2022/01/29 00:00:00+00,19.9,2022/02/12 00:00:00+00,,,,,20.5,19.7,15.7,13,9.2,5.6,1.8,Redwood City,897 BARRON AVE.,California,San Mateo,Redwood City,"San Francisco-Oakland-Hayward, CA",2022/10/18
-119.691218,34.427775,"06","083","0011",88101,3,WGS84,PM2.5 - Local Conditions,24-HR BLK AVG,PM25 24-hour 2012,Daily Mean,,2022,Micrograms/cubic meter (LC),No Events,167,46,N,167,365,0,0,0,0,Certification not required,0,6.120359,3.570791,17.9,2022/04/09 00:00:00+00,16.7,2022/04/10 00:00:00+00,14.5,2022/06/15 00:00:00+00,14.3,2022/05/18 00:00:00+00,,,,,16.7,14.3,13,11,8.4,5.5,2,Santa Barbara,700 E. CANON PERDIDO,California,Santa Barbara,Santa Barbara,"Santa Maria-Santa Barbara, CA",2022/09/29
-120.4575,34.63782,"06","083","2004",88101,1,WGS84,PM2.5 - Local Conditions,24-HR BLK AVG,PM25 24-hour 2012,Daily Mean,,2022,Micrograms/cubic meter (LC),No Events,177,48,N,177,365,0,0,0,0,Certification not required,0,6.40226,3.378238,20.7,2022/04/09 00:00:00+00,17.3,2022/04/10 00:00:00+00,16,2022/05/18 00:00:00+00,16,2022/05/19 00:00:00+00,,,,,17.3,16,12.9,10.9,8.2,5.7,3,Lompoc H Street,"128 S 'H' ST, LOMPOC",California,Santa Barbara,Lompoc,"Santa Maria-Santa Barbara, CA",2022/09/27
-119.8284,34.44551,"06","083","2011",88101,1,WGS84,PM2.5 - Local Conditions,24-HR BLK AVG,PM25 24-hour 2012,Daily Mean,,2022,Micrograms/cubic meter (LC),No Events,177,48,N,177,365,0,0,0,0,Certification not required,0,5.391525,2.964331,15.4,2022/04/09 00:00:00+00,15.2,2022/04/10 00:00:00+00,12.7,2022/04/06 00:00:00+00,12.7,2022/05/31 00:00:00+00,,,,,15.2,12.7,10.5,9.4,7.4,4.8,1.8,Goleta,"380 N FAIRVIEW AVENUE, GOLETA",California,Santa Barbara,Goleta,"Santa Maria-Santa Barbara, CA",2022/09/29
-121.574684,36.999571,"06","085","0002",88101,3,WGS84,PM2.5 - Local Conditions,24-HR BLK AVG,PM25 24-hour 2012,Daily Mean,,2022,Micrograms/cubic meter (LC),No Events,218,60,N,218,365,0,0,0,0,Certification not required,0,6.258716,2.57246,15.6,2022/04/09 00:00:00+00,13.8,2022/01/18 00:00:00+00,12.2,2022/01/13 00:00:00+00,12.1,2022/04/26 00:00:00+00,,,,,12.2,11.6,10.7,9.7,8,6,3.2,Gilroy,9TH & PRINCEVILLE,California,Santa Clara,Gilroy,"San Jose-Sunnyvale-Santa Clara, CA",2022/10/18
-121.894898,37.348497,"06","085","0005",88101,1,WGS84,PM2.5 - Local Conditions,24 HOUR,PM25 24-hour 2012,Daily Mean,R & P Model 2025 PM-2.5 Sequential Air Sampler w/VSCC - Gravimetric,2022,Micrograms/cubic meter (LC),No Events,30,24,N,29,122,0,0,0,0,Certification not required,0,12.493333,7.098078,28.3,2022/01/17 00:00:00+00,27.6,2022/01/29 00:00:00+00,22.8,2022/02/07 00:00:00+00,22.6,2022/02/01 00:00:00+00,,,,,28.3,28.3,27.6,22.8,17.4,10.5,4.3,San Jose - Jackson,158B JACKSON ST,California,Santa Clara,San Jose,"San Jose-Sunnyvale-Santa Clara, CA",2022/07/18
-121.894898,37.348497,"06","085","0005",88101,3,WGS84,PM2.5 - Local Conditions,24-HR BLK AVG,PM25 24-hour 2012,Daily Mean,,2022,Micrograms/cubic meter (LC),No Events,243,67,N,243,365,0,0,0,0,Certification not required,0,9.184774,4.968294,27.3,2022/01/01 00:00:00+00,26.7,2022/01/17 00:00:00+00,25.2,2022/01/29 00:00:00+00,25.1,2022/02/05 00:00:00+00,,,,,25.2,22.6,18.7,16.8,11.4,7.9,4.4,San Jose - Jackson,158B JACKSON ST,California,Santa Clara,San Jose,"San Jose-Sunnyvale-Santa Clara, CA",2022/10/18
-121.849783,37.338135,"06","085","0006",88101,3,WGS84,PM2.5 - Local Conditions,24-HR BLK AVG,PM25 24-hour 2012,Daily Mean,,2022,Micrograms/cubic meter (LC),No Events,237,65,N,237,365,0,0,0,0,Certification not required,0,7.665401,5.057155,26.5,2022/02/05 00:00:00+00,24.9,2022/01/29 00:00:00+00,23.4,2022/01/17 00:00:00+00,22.2,2022/02/01 00:00:00+00,,,,,23.4,21.9,18,15.2,10.1,6.4,2.5,San Jose - Knox Avenue,1007 Knox Ave,California,Santa Clara,San Jose,"San Jose-Sunnyvale-Santa Clara, CA",2022/10/18
-121.98822,36.98332,"06","087","0007",88101,3,NAD83,PM2.5 - Local Conditions,24-HR BLK AVG,PM25 24-hour 2012,Daily Mean,,2022,Micrograms/cubic meter (LC),No Events,174,48,N,174,365,0,0,0,0,Certification not required,0,6.417816,2.684848,13,2022/04/09 00:00:00+00,12.2,2022/01/24 00:00:00+00,12.1,2022/05/19 00:00:00+00,12,2022/01/18 00:00:00+00,,,,,12.2,12,11.4,10.4,8,6.3,3.3,Santa Cruz,960 Bostwick Lane,California,Santa Cruz,Live Oak,"Santa Cruz-Watsonville, CA",2022/09/30
-122.083092,37.06315,"06","087","1005",88101,3,NAD83,PM2.5 - Local Conditions,24-HR BLK AVG,PM25 24-hour 2012,Daily Mean,,2022,Micrograms/cubic meter (LC),No Events,90,25,N,90,365,0,0,0,0,Certification not required,0,6.221111,3.513585,13.7,2022/01/23 00:00:00+00,13.7,2022/01/31 00:00:00+00,13,2022/01/27 00:00:00+00,12.4,2022/01/03 00:00:00+00,,,,,13.7,13.7,12.4,11.9,8.8,5.7,2.2,San Lorenzo Valley Middle School,"7179 Hacienda Way, Felton CA 95018",California,Santa Cruz,,"Santa Cruz-Watsonville, CA",2022/06/29
-122.38092,40.55013,"06","089","0004",88101,1,NAD83,PM2.5 - Local Conditions,24 HOUR,PM25 24-hour 2012,Daily Mean,R & P Model 2000 PM-2.5 Air Sampler w/VSCC - Gravimetric,2022,Micrograms/cubic meter (LC),No Events,16,48,N,15,31,0,2,0,0,Certification not required,0,3.8875,1.937309,8.2,2022/07/28 00:00:00+00,6.7,2022/03/18 00:00:00+00,6.7,2022/05/05 00:00:00+00,4.6,2022/06/22 00:00:00+00,,,,,8.2,8.2,8.2,6.7,4.6,3.6,2.3,Redding - Health Department,"HLTH CTR-2630 BRESLAUER WAY, REDDING",California,Shasta,Redding,"Redding, CA",2022/10/06
-122.237976,38.102507,"06","095","0004",88101,3,WGS84,PM2.5 - Local Conditions,24-HR BLK AVG,PM25 24-hour 2012,Daily Mean,,2022,Micrograms/cubic meter (LC),No Events,238,65,N,238,365,0,0,0,0,Certification not required,0,7.22437,5.330083,27,2022/01/01 00:00:00+00,27,2022/01/23 00:00:00+00,26.9,2022/02/05 00:00:00+00,23.1,2022/02/04 00:00:00+00,,,,,26.9,23,17.9,13.3,10,6.1,1.6,Vallejo,304 TUOLUMNE ST.,California,Solano,Vallejo,"Vallejo-Fairfield, CA",2022/10/18
-122.237976,38.102507,"06","095","0004",88101,4,WGS84,PM2.5 - Local Conditions,24-HR BLK AVG,PM25 24-hour 2012,Daily Mean,,2022,Micrograms/cubic meter (LC),No Events,238,65,N,238,365,0,0,0,0,Certification not required,0,7.752941,5.185094,28.2,2022/01/23 00:00:00+00,27.4,2022/02/05 00:00:00+00,26.7,2022/01/01 00:00:00+00,23.7,2022/01/15 00:00:00+00,,,,,26.7,23.3,17.6,14.6,10.3,6.5,2.5,Vallejo,304 TUOLUMNE ST.,California,Solano,Vallejo,"Vallejo-Fairfield, CA",2022/10/18
-122.818294,38.403765,"06","097","0004",88101,3,WGS84,PM2.5 - Local Conditions,24-HR BLK AVG,PM25 24-hour 2012,Daily Mean,,2022,Micrograms/cubic meter (LC),No Events,228,62,N,228,365,0,0,0,0,Certification not required,0,5.757456,3.653673,16.7,2022/01/16 00:00:00+00,16,2022/01/17 00:00:00+00,15.2,2022/01/27 00:00:00+00,15.2,2022/05/21 00:00:00+00,,,,,15.2,15,13,11.5,8,5,1.6,Sebastopol,"103 Morris Street,",California,Sonoma,Sebastopol,"Santa Rosa, CA",2022/10/18
-120.994212,37.642165,"06","099","0005",88101,3,NAD83,PM2.5 - Local Conditions,24-HR BLK AVG,PM25 24-hour 2012,Daily Mean,,2022,Micrograms/cubic meter (LC),No Events,181,50,N,181,365,0,0,6,6,Certification not required,0,14.313812,8.637977,39.5,2022/01/13 00:00:00+00,37.5,2022/02/05 00:00:00+00,36.8,2022/01/12 00:00:00+00,36.4,2022/01/16 00:00:00+00,,,,,37.5,36.4,32.8,29.6,16.5,10.5,7.1,Modesto-14th Street,"814 14TH ST., MODESTO",California,Stanislaus,Modesto,"Modesto, CA",2022/10/13
-120.836008,37.488317,"06","099","0006",88101,3,NAD83,PM2.5 - Local Conditions,24-HR BLK AVG,PM25 24-hour 2012,Daily Mean,,2022,Micrograms/cubic meter (LC),No Events,88,24,N,88,365,0,0,2,2,Certification not required,0,16.339773,9.421454,39.3,2022/01/13 00:00:00+00,38.8,2022/02/05 00:00:00+00,35.1,2022/01/22 00:00:00+00,34,2022/01/16 00:00:00+00,,,,,39.3,38.8,33.8,29.2,23.7,14.5,5.8,Turlock,"900 S MINARET STREET, TURLOCK, CA",California,Stanislaus,Turlock,"Modesto, CA",2022/10/18
-121.618549,39.138773,"06","101","0003",88101,3,WGS84,PM2.5 - Local Conditions,24-HR BLK AVG,PM25 24-hour 2012,Daily Mean,,2022,Micrograms/cubic meter (LC),No Events,177,48,N,177,365,0,0,1,1,Certification not required,0,10.875706,6.595654,36.1,2022/01/23 00:00:00+00,29.8,2022/01/26 00:00:00+00,28.5,2022/02/04 00:00:00+00,27.7,2022/01/30 00:00:00+00,,,,,29.8,27.7,25.3,22.4,12.9,8.7,4.9,Yuba City,"773 ALMOND ST, YUBA CITY",California,Sutter,Yuba City,"Yuba City, CA",2022/10/20
-121.618549,39.138773,"06","101","0003",88101,4,WGS84,PM2.5 - Local Conditions,24-HR BLK AVG,PM25 24-hour 2012,Daily Mean,,2022,Micrograms/cubic meter (LC),No Events,177,48,N,177,365,0,0,0,0,Certification not required,0,8.368362,6.767437,35.1,2022/01/23 00:00:00+00,28.4,2022/01/26 00:00:00+00,27,2022/02/04 00:00:00+00,26.1,2022/02/05 00:00:00+00,,,,,28.4,26.1,24,20.2,10.5,6.2,2.5,Yuba City,"773 ALMOND ST, YUBA CITY",California,Sutter,Yuba City,"Yuba City, CA",2022/10/20
-122.25556,40.17093,"06","103","0007",88101,3,WGS84,PM2.5 - Local Conditions,24-HR BLK AVG,PM25 24-hour 2012,Daily Mean,,2022,Micrograms/cubic meter (LC),No Events,165,45,N,165,365,0,0,0,0,Certification not required,0,4.309697,2.573865,15.1,2022/01/20 00:00:00+00,13.6,2022/03/02 00:00:00+00,11.9,2022/01/02 00:00:00+00,11.5,2022/01/12 00:00:00+00,,,,,13.6,11.5,9,7.9,5.6,3.8,1.6,Red Bluff-Walnut St. District Office,"1834 Walnut Street, Red Bluff, CA 96080",California,Tehama,Red Bluff,"Red Bluff, CA",2022/09/27
-118.82915,36.48947,"06","107","0009",88101,1,WGS84,PM2.5 - Local Conditions,24-HR BLK AVG,PM25 24-hour 2012,Daily Mean,,2022,Micrograms/cubic meter (LC),Events Included,201,55,N,201,365,0,0,0,0,Certification not required,0,7.340796,3.970293,23.9,2022/06/16 00:00:00+00,21.2,2022/02/01 00:00:00+00,20.1,2022/02/02 00:00:00+00,19.5,2022/01/19 00:00:00+00,,,,,20.1,18.7,15,12.2,9.2,6.5,3.1,Sequoia & Kings Canyon NPs - Ash Mountain,SEQUOIA & KINGS CANYON NP,California,Tulare,,"Visalia-Porterville, CA",2022/09/19
-119.3129,36.30815,"06","107","2003",88101,3,WGS84,PM2.5 - Local Conditions,24-HR BLK AVG,PM25 24-hour 2012,Daily Mean,,2022,Micrograms/cubic meter (LC),No Events,107,29,N,107,365,0,0,9,9,Certification not required,0,16.780374,10.32486,46.1,2022/01/19 00:00:00+00,45.7,2022/01/20 00:00:00+00,43.5,2022/01/21 00:00:00+00,41.2,2022/01/14 00:00:00+00,,,,,45.7,43.5,39.7,31.2,24.1,12.6,6.7,,"2005 West Ashland Avenue, Suite G, Visalia, CA, 93277",California,Tulare,Visalia,"Visalia-Porterville, CA",2022/11/08
-118.870509,34.210169,"06","111","0007",88101,3,NAD83,PM2.5 - Local Conditions,24-HR BLK AVG,PM25 24-hour 2012,Daily Mean,,2022,Micrograms/cubic meter (LC),No Events,234,64,N,234,365,0,0,0,0,Certification not required,0,8.492735,3.803126,20.6,2022/01/08 00:00:00+00,18.1,2022/04/10 00:00:00+00,17.7,2022/04/09 00:00:00+00,16.7,2022/05/02 00:00:00+00,,,,,17.7,16.5,15.1,13.5,10.9,8.2,3.6,Thousand Oaks,"2323 Moorpark Road, Thousand Oaks, CA  91360",California,Ventura,Thousand Oaks,"Oxnard-Thousand Oaks-Ventura, CA",2022/11/08
-118.80998,34.404281,"06","111","0009",88101,3,NAD83,PM2.5 - Local Conditions,24-HR BLK AVG,PM25 24-hour 2012,Daily Mean,,2022,Micrograms/cubic meter (LC),No Events,239,65,N,239,365,0,0,0,0,Certification not required,0,6.478243,3.518909,15.2,2022/04/10 00:00:00+00,14.6,2022/07/05 00:00:00+00,13.9,2022/04/27 00:00:00+00,13.3,2022/08/21 00:00:00+00,,,,,13.9,13.2,12,11.1,9,6.7,1.5,Piru - Pacific,"3301 PACIFIC AVENUE, PIRU, CA  93040",California,Ventura,Piru,"Oxnard-Thousand Oaks-Ventura, CA",2022/11/08
-119.2313,34.44806,"06","111","1004",88101,3,NAD83,PM2.5 - Local Conditions,24-HR BLK AVG,PM25 24-hour 2012,Daily Mean,,2022,Micrograms/cubic meter (LC),No Events,238,65,N,238,365,0,0,0,0,Certification not required,0,5.867647,2.43151,15.5,2022/04/10 00:00:00+00,13.6,2022/04/27 00:00:00+00,13,2022/01/08 00:00:00+00,12.1,2022/06/02 00:00:00+00,,,,,13,11.6,10.1,9.1,7.4,5.5,3,Ojai - East Ojai Ave,"1201 E. OJAI AVENUE, OJAI, CA  93023",California,Ventura,Ojai,"Oxnard-Thousand Oaks-Ventura, CA",2022/11/08
-118.683685,34.276316,"06","111","2002",88101,3,NAD83,PM2.5 - Local Conditions,24-HR BLK AVG,PM25 24-hour 2012,Daily Mean,,2022,Micrograms/cubic meter (LC),No Events,238,65,N,238,365,0,0,0,0,Certification not required,0,7.710084,4.096781,22.7,2022/01/08 00:00:00+00,19.1,2022/02/01 00:00:00+00,18,2022/01/07 00:00:00+00,17.8,2022/07/05 00:00:00+00,,,,,18,17,15,13.1,10,7.6,2.6,Simi Valley-Cochran Street,"5400 COCHRAN STREET, SIMI VALLEY, CA  93063",California,Ventura,Simi Valley,"Oxnard-Thousand Oaks-Ventura, CA",2022/11/08
-118.683685,34.276316,"06","111","2002",88101,4,NAD83,PM2.5 - Local Conditions,24-HR BLK AVG,PM25 24-hour 2012,Daily Mean,,2022,Micrograms/cubic meter (LC),No Events,238,65,N,238,365,0,0,0,0,Certification not required,0,6.82563,4.226805,21.7,2022/01/08 00:00:00+00,18,2022/02/01 00:00:00+00,17.3,2022/07/05 00:00:00+00,16.6,2022/04/27 00:00:00+00,,,,,17.3,16.5,14.4,12.2,9.4,7,1,Simi Valley-Cochran Street,"5400 COCHRAN STREET, SIMI VALLEY, CA  93063",California,Ventura,Simi Valley,"Oxnard-Thousand Oaks-Ventura, CA",2022/11/08
-119.143182,34.25239,"06","111","3001",88101,3,NAD83,PM2.5 - Local Conditions,24-HR BLK AVG,PM25 24-hour 2012,Daily Mean,,2022,Micrograms/cubic meter (LC),No Events,239,65,N,239,365,0,0,0,0,Certification not required,0,6.713389,3.547645,18.5,2022/04/09 00:00:00+00,18.4,2022/01/08 00:00:00+00,15.6,2022/02/01 00:00:00+00,15.5,2022/04/10 00:00:00+00,,,,,15.6,14.1,12.5,11.4,9.1,6.4,2.2,El Rio-Rio Mesa School #2,"545 CENTRAL AVENUE, OXNARD, CA  93030",California,Ventura,,"Oxnard-Thousand Oaks-Ventura, CA",2022/11/08
-121.73269,38.66121,"06","113","1003",88101,1,WGS84,PM2.5 - Local Conditions,24 HOUR,PM25 24-hour 2012,Daily Mean,R & P Model 2025 PM-2.5 Sequential Air Sampler w/VSCC - Gravimetric,2022,Micrograms/cubic meter (LC),No Events,33,54,N,33,61,0,2,0,0,Certification not required,0,7.221212,6.213984,28.7,2022/02/04 00:00:00+00,27,2022/01/23 00:00:00+00,17.6,2022/01/11 00:00:00+00,11.7,2022/02/10 00:00:00+00,,,,,28.7,28.7,27,11.7,7.7,5.6,2.7,Woodland-Gibson Road,"41929 E. GIBSON ROAD, WOODLAND",California,Yolo,Woodland,"Sacramento--Roseville--Arden-Arcade, CA",2022/10/06
