Surname,Gender,Current Institution,Country of current work,Country of birth/citizenship,PhD or highest degree awarding institution ,PhD or highest degree awarding country,IPCC representing country (i.e. Country of residence from IPCC doc),IPCC AR5 WGIII chapter,Role in the chapter,Other Institution 1,Other Institution 2,Other Institution 3,Other Institution 4,Other Institution 5,Other Institution 6,Other Institution 7,Other Institution 8,Other Institution 9,Other Institution 10,Other Institution 11,Other Institution 12,Other Institution 13,Other Institution 13,Other Institution 14,Other Institution 15
Abdel-Aziz,1,CDM,Egypt,Egypt,NCSU,USA,Egypt,10,LA,AuCairo,NCSU,Nexant_Consulting,Envirotech_Consulting,,,,,,,,,,,,
Acosta-Moreno,1,UNFCCC,Cuba,Cuba,CNIC,Cuba,Cuba,14,LA,IPCC,CITMA,COMARNA,,,,,,,,,,,,,
Acquaye,1,UoKent,UK,MD,DIT,Ireland,UK,10,LA,UoYork,UoSheffield,,,,,,,,,,,,,,
Agrawala,1,OECD,France,MD,UoPrinceton,USA,France,14,CLA,UoPrinceton,UoColumbia,UoHarvard,,,,,,,,,,,,,
Ahammad,1,DAFF,Australia,Australia,ANU,Australia,Australia,11,LA,UoWestern_Australia,ABARES,,,,,,,,,,,,,,
Ahmed,1,EEAA,Egypt,Egypt,MTC,Egypt,Egypt,1,LA,MTC,GANT,Nubian_Sons,UoAin_Shams,Elfranaa_Academy,MCMS,,,,,,,,,,
Akbari,1,UoConcordia,Canada,MD,UoCalifornia_Berkeley,USA,Canada,9,LA,ACEEE,ASTM,,,,,,,,,,,,,,
Akimoto,1,UoTokyo,Japan,Japan,YNU,Japan,Japan,6,LA,RITE,,,,,,,,,,,,,,,
Allwood,1,UoCambridge,UK,UK,ICL,UK,UK,10,LA,Alcoa_TC,UoCambridge,,,,,,,,,,,,,,
Attzs,0,UoWest_Indies,Trinidad_Tobago,MD,UoWest_Indies/UoLondon,Trinidad_Tobago/UK,Trinidad_Tobago,3,RE,UoWest_Indies,CDB,IDB,World_Bank,TobagoHA,,,,,,,,,,,
Babiker,1,Saudi_Aramco,Saudi_Arabia,Saudi_Arabia,MD,MD,Saudi_Arabia,6,LA,MD,,,,,,,,,,,,,,,
Barreto-Gómez,1,AEA,Austria,MD,ETH_Zurich,Austria,Austria,14,LA,UPME,UoColombia,PSI,IIASA,,,,,,,,,,,,
Barrett,1,UoLeeds,UK,UK,UoLiverpool,UK,UK,5,LA,CenSA,UoLiverpool,Ove_Arup,UoYork/SEI,,,,,,,,,,,,
Barua,1,BGEF,Bangladesh,Bangladesh,UoChittagong,Bangladesh,Bangladesh,16,LA,WFC,BSREA,Grameen_Bank,Grameen_Shakti,,,,,,,,,,,,
Bashmakov,1,RCEE,Russia,Russia,MD,MD,Russia,7,CLA,UNEP,UNDP,World_Bank,,,,,,,,,,,,,
Bertoldi,1,European_Comission,Italy,Italy,UoPadova,Italy,Italy,9,LA,JET,,,,,,,,,,,,,,,
Bigio,1,GWU,USA,Italy,UoRome,Italy,USA,12,LA,World_Bank,,,,,,,,,,,,,,,
"Blanco, Gabriel",1,UNICEN,Argentina,MD,MD,MD,Argentina,5,CLA,Dept_climate_change_Argentina,,,,,,,,,,,,,,,
"Blanco, Hilda",0,UoSouthern_California,USA,MD,UoCalifornia_Berkeley,USA,USA,12,LA,UoWashington,UoSouthern_California,UoNew_Jersey,UoColumbia,,,,,,,,,,,,
Blanford,1,EPRI,USA,MD,UoStanford,USA,USA,6,LA,GCEP,UoStanford,IEA,,,,,,,,,,,,,
Bolwig,1,DTU,Denmark,Denmark,UoCopenhagen,Denmark,Denmark,4,LA,DIIS,IFPRI,GVC,,,,,,,,,,,,,
Bosetti,0,UoBocconi,Italy,Italy,UoMilano,Italy,Italy,2,LA,ERC,Princeton_EI,CMCC,NOAA,UoSassari,UoMilano,,,,,,,,,,
Bouille,1,Bariloche_Foundation,Argentina,Argentina,UoCologne,Germany,Argentina,3,RE,UNFCCC,FAO,PNUD,,,,,,,,,,,,,
Brewer,1,UoGeorgetown,USA,USA,UoMichigan,USA,USA,13,LA,ICTSD,UoFriederich-Alexander,CEPS,World_Bank,OECD,,,,,,,,,,,
Broome,1,UoOxford,UK,UK,MIT,USA,UK,3,LA,UoLondon,UoBristol,UoSt_Andrews,,,,,,,,,,,,,
Brown,0,SPP_GaTech,USA,MD,UoOhio,USA,USA,9,RE,UoIllinois,UoOhio_Wesleyan,UoOhio,Department_Environmental_Protection_Connecticut,ORNL,,,,,,,,,,,
Bruckner,1,UoLeipzig,Germany,Germany,MD,Germany,Germany,7,CLA,Tech_UoBerlin,UoLeipzig,,,,,,,,,,,,,,
Bruvoll,0,Vista_Analyse,Norway,Norway,UoOslo,Norway,Norway,3,LA,Statistics_Norway,European_Comission,UoOslo,NRC,,,,,,,,,,,,
Bustamante,0,UoBrasilia,Brazil,Brazil,UoTrier,Germany,Brazil,11,CLA,UoBrasilia,MCTI,UERJ,,,,,,,,,,,,,
Cabeza,0,UdL,Spain,Spain,IQS,Spain,Spain,9,LA,UdL,US_DA_ERRC,,,,,,,,,,,,,,
Cariño-Olvera,0,UABCS,Mexico,Mexico,EHESS,France,Mexico,3,LA,MD,,,,,,,,,,,,,,,
Carraro,1,UoVenice,Italy,Italy,UoPrinceton,USA,Italy,16,RE/VC,ICCG,CMCC,HEEP,ANU,UoMonaco,CEPR,World_Bank,UoParisI,UoUdine,UoAix-en-Provence,UoParisX,LUISS,ERC,CEPS,FEEM,
Ceron,1,UoLimoges,France,France,EHESS,France,France,10,LA,EHESS,EPHE,CIRED,,,,,,,,,,,,,
Cervero,1,UoCalifornia_Berkeley,USA,MD,UoCalifornia_LosAngeles,USA,USA,12,RE,Harvard_IID,SCAG,US_Navy,,,,,,,,,,,,,
"Chen, Wenying",0,UoTsinghua,China,MD,UoTsinghua,China,China,6,RE,UNFCCC,PSI,,,,,,,,,,,,,,
"Chen, Ying",0,CASS,China,MD,MD,MD,China,4,LA,MD,,,,,,,,,,,,,,,
Chimanikire,1,UoZimbabwe,Zimbabwe,MD,UoJawaharlal_Nehru,India,Zimbabwe,15,LA,MD,,,,,,,,,,,,,,,
Chingambo,1,ACCE,Zambia,MD,UoKent,UK,Zambia,16,LA,SOAS,Lusaka_Stock_exchange,,,,,,,,,,,,,,
Chum,0,NREL,USA,MD,UoSaoPaulo,Brazil,USA,7,LA,SERI,UoSaoPaulo,,,,,,,,,,,,,,
Clark,1,AgResearch,New_Zealand,MD,UoBangor,UK,New_Zealand,11,LA,MAFF_UK,AgResearch,,,,,,,,,,,,,,
Clarke,1,PNNL,USA,USA,UoStanford,USA,USA,6,CLA,RCG/Hagler_Baily,PacificGas_ElectricCompany,LLNL,,,,,,,,,,,,,
Clift,1,UoSurrey,UK,UK,UoMcGill,Canada,UK,10,RE,UoMcGill,ICL,UoCambridge,UoSurrey,,,,,,,,,,,,
Conte-Grand,0,UoCEMA,Argentina,Argentina,UoCalifornia_LosAngeles,USA,Argentina,13,LA,UoCEMA,UoBuenos_Aires,ISEG,UoCalifornia_LosAngeles,UNLP,,,,,,,,,,,
Cooke,1,TU_Delft,Netherlands,USA/Netherlands,UoYale,USA,USA,2,LA,UoYale,UoAmsterdam,TU_Delft,Strathclyde_Business_School,,,,,,,,,,,,
Corbera,1,ICTA-UAB,Spain,Spain,UEA,UK,Spain,4,LA,UoCambridge,UEA,Tyndall_CCR,ICTA-UAB,,,,,,,,,,,,
Cottier,1,UoBern,Switzerland,Switzerland,UoBern,Switzerland,Switzerland,14,LA,UoCambridge,UoSt_Gallen,UoNeuenburg,IPGRIR,GATT,,,,,,,,,,,
Creutzig,1,Tech_UoBerlin,Germany,MD,HU_Berlin,Germany,Germany,8,LA,BIE,,,,,,,,,,,,,,,
Cruz-Núñez,0,UNAM,Mexico,Mexico,UNAM,Mexico,Mexico,8,LA,UNAM,CNC,,,,,,,,,,,,,,
D'Agosto,1,UFRJ,Brazil,Brazil,COPPE,Brazil,Brazil,8,LA,UFRJ,COPPE,SMTU,Cr4_Consultoria,IME,CBPI,,,,,,,,,,
Dadhich,1,TERI,India,India,IIT,India,India,1,LA,MD,,,,,,,,,,,,,,,
De-La-Vega-Navarro,1,UNAM,Mexico,Mexico,UoGrenoble,France,Mexico,7,LA,UoMontreal,CNRS,Colegio_Mexico,UoGrenoble,,,,,,,,,,,,
Deakin,0,UoCalifornia_Berkeley,USA,MD,BC,USA,USA,8,RE,MD,,,,,,,,,,,,,,,
deConinck,0,ISIS,Netherlands,Netherlands,UoAmsterdam,Netherlands,Netherlands,5,LA,MPIC,ECN,,,,,,,,,,,,,,
Delgado-Ramos,1,UNAM,Mexico,Mexico,UAB,Spain,Mexico,12,LA,UNAM,UAQ,UIA,CLACSO,,,,,,,,,,,,
Demkine,1,UNEP,Kenya,Ukraine,MD,MD,Kenya,14,RE,MD,,,,,,,,,,,,,,,
Den-Elzen,1,MNP,Netherlands,Netherlands,UoMaastricht,Netherlands,Netherlands,13,LA,UNFCCC,,,,,,,,,,,,,,,
Dewar,1,UoCape_Town,South_Africa,MD,UoCape_Town,South_Africa,South_Africa,12,LA,UoCape_Town,,,,,,,,,,,,,,,
Dhakal,1,AIT,Thailand,MD,UoTokyo,Japan,Thailand,12,CLA,MD,,,,,,,,,,,,,,,
Diaz-Morejon,1,Science_Ministry,Cuba,Cuba,UoSofia,Bulgaria,Cuba,5,LA,UoHavana,SA_Cuba,,,,,,,,,,,,,,
Dimitriu,0,MMU,UK,MD,MMU,UK,Romania,8,LA,TAROM,EC_Harris,,,,,,,,,,,,,,
Dong,0,IoESDA,China,MD,MD,MD,China,11,LA,MD,,,,,,,,,,,,,,,
Dubash,1,UoJawaharlal_Nehru,India,India,UoCalifornia_Berkeley,USA,India,15,LA,IDFC,WRI,EDF,,,,,,,,,,,,,
Dutt,1,IIT,India,India,CMU,USA,India,2,LA,CMU,TCS,,,,,,,,,,,,,,
Edenhofer,1,PIK,Germany,Germany,Technical_UoDarmstadt,Germany,Germany,-,CC,TU_Darmstadt,IPCC,Tech_UoBerlin,,,,,,,,,,,,,
Edmonds,1,PNNL,USA,USA,UoDuke,USA,USA,7,LA,MD,,,,,,,,,,,,,,,
El-Gizouli,1,ENR_Sudan,Sudan,Sudan,UoAston,UK,Sudan,2,RE,MI_Sudan,NEA,African_DB,FAO,AFREPRN,,,,,,,,,,,
Elsiddig,1,UoKhartoum,Sudan,Sudan,UoBangor,UK,Sudan,11,LA,UoKarthoum,FAO,,,,,,,,,,,,,,
Essandoh-Yeddu,1,Energy_Comission_Ghana,Ghana,Ghana,UoTexas_Austin,USA,Ghana,15,LA,UoTexas_Austin,UNFCCC,,,,,,,,,,,,,,
Eyre,1,ECI_UoOxford,UK,UK,UoOxford,USA,UK,9,LA,EST,ETSU,European_Comission,,,,UoPennsylvania,,,,,,,,,
Faaij,1,UoUtrecht,Netherlands,Netherlands,UoUtrecht,Netherlands,Netherlands,7,LA,UoUtrecht,Copernicus_Institute,,,,,,,,,,,,,,
Fifita,1,Pacific_Community,Fiji,MD,MD,MD,Fiji,15,LA,MD,,,,,,,,,,,,,,,
Figueroa-Meza,0,DTU,Denmark,Venezuela,UoRoskilde,Denmark,Denmark,8,LA,UNEP_Risoe_Centre,UoRoskilde,,,,,,,,,,,,,,
Finus,1,UoStirling,UK,Germany,UoHagen,Germany,UK,13,LA,UoHagen,UoGiessen,BASF,UoSingapore,UoWageningen,UoLuneburg,,,,,,,,,,
Fischedick,1,UoWuppertal,Germany,Germany,UoStuttgart,Germany,Germany,10,CLA,WICEE,UoWiesbaden,UoWitten-Herdecke,UoKassel,UoKoblenz-Landau,,,,,,,,,,,
Fisher-Vanden,0,UoPennsylvania,USA,MD,UoHarvard,USA,USA,6,LA,CDartmouth,UoHarvard,PNNL,AQMD_SouthCoast,WEFA_Group,UoCalifornia_LosAngeles,,,,,,,,,,
Fleurbaey,1,UoPrinceton,USA,France,EHESS,France,USA,4,CLA,EHESS,CNRS,UoCergy,,,,,,,,,,,,,
Frankel,1,CalCEF,USA,MD,Thunderbird,USA,USA,16,LA,Ecosa_Capital,Bermai_Inc,Barneson_Group,Wi-Fi_Alliance,3Com_Corporation,Haitai_International,,,,,,,,,,
Fullerton,1,UoIllinois,USA,USA,UoCalifornia_Berkeley,USA,USA,3,LA,UoTexas_Austin,CMU,UoVirginia,UoStanford,UoPrinceton,US_TD,,,,,,,,,,
Fulton,1,UoCalifornia_Davis,USA,Canada,UoPennsylvania,USA,USA,8,LA,IEA,UNEP,US_Energy,UoMaryland,UoBangladesh,,,,,,,,,,,
Fungtammasan,1,KMUTT,Thailand,Thailand,UoNew_South_Wales,Australia,Thailand,7,LA,MD,,,,,,,,,,,,,,,
Gadgil,1,LBNL,USA,MD,UoCalifornia_Berkeley,USA,USA,9,LA,MD,,,,,,,,,,,,,,,
Gámez-Vázquez,0,UABCS,Mexico,MD,UoEssex,UK,Mexico,14,LA,MD,,,,,,,,,,,,,,,
Garg,1,IIM,India,MD,Indian_Institute_Technology_Rorkee,India,India,7,LA,UNEP_Risoe_Centre,,,,,,,,,,,,,,,
Garrido-Vázquez,1,CITMA,Cuba,Cuba,MFI,Russia,Cuba,16,LA,UoHavana,UoPinar_del_Rio,SA_Cuba,,,,Hewlett-Packard_Company,,,,,,,,,
Geng,1,CAS,China,China,UoDalhousie,Canada,China,10,LA,NIES,UNIDO,,,,,,,,,,,,,,
Gerlagh,1,UoTilburg,Netherlands,Netherlands,UoVrije,Netherlands,Netherlands,5,CLA,UoVrije,IVM,UoManchester,,,,,,,,,,,,,
Gollier,1,UoToulouse,France,Belgium,UCL,Belgium,France,3,LA,EPF,HEC_Paris,UoCalifornia_SanDiego,FNRS,,,,,,,,,,,,
Gomes,1,PUC-Rio,Brazil,Brazil,UoMinnesota,USA,Brazil,5,RE,Petroleo_Brasileiro,,,,,,UoMannheim,GTZ,UoTubingen,UoDarmstadt,UPO,,,,,
Gómez-Echeverri,1,IIASA,Austria,MD,UoYale,USA,Austria,16,LA,UNDP,UNFCCC,,,,,,,,,,,,,,
Goulder,1,UoStanford,USA,USA,UoStanford,USA,USA,15,LA,Freeman_Spogli_IIS,UoStanford,UoHarvard,,,,,,,,,,,,,
Grübler,1,UoYale,USA,Austria,TechUoVienna,Austria,Austria,1,RE,World_Bank,IIASA,,,,,,,,,,,,,,
Guan,1,UoLeeds,UK,MD,UoLeeds,UK,UK,14,LA,UoCambridge,WWF,UoYork,,,,,,,,,,,,,
"Gupta, Joyeeta",0,UoAmsterdam,Netherlands,India,UoVrije,Netherlands,Netherlands,13,LA,UoVrije,UNESCO-IHE,IOCU,CRC_Ahmedabad,UoHarvard,,,,,,,,,,,
"Gupta, Shreekant",1,UoDelhi,India,India,UoMaryland,USA,India,2,CLA,UoSingapore,World_Bank,UoMaryland,India_Government,NIUA,,,,,,,,,,,
"Gupta, Sujata",0,Asian_DB,India,India,LBS,UK,India,16,CLA,ERI,Asian_DB,TATA,,,,,,,,,,,,,
Gutiérrez-Espeleta,1,UCR,Costa_Rica,Costa_Rica,UoIowa,USA,Costa_Rica,14,LA,MD,,,,,,,,,,,,,,,
Ha-Duong,1,CIRED,France,France,EHESS,France,France,2,LA,ENPC,CMU,CIRED,UoParis,,,,,,,,,,,,
Haberl,1,UoKlagenfurt,Austria,Austria,UoVienna,Austria,Austria,11,LA,IIASA,EEA,,,,,,,,,,,,,,
Haites,1,Margaree_Consultants,Canada,Canada,UoPurdue,USA,Canada,16,LA,Barakat_&_Chamberlin,DPA_Group,Middleton_Associates,UoWestern_Ontario,Shell_Canada,Stevenson_Kellogg,,,,,,,,,,
Halsnaes,0,UNEP,Denmark,Denmark,UoRoskilde,Denmark,Denmark,14,RE,DTU,Danish_Economics,UoRoskilde,,,,,,,,,,,,,
Hanemann,1,UoCalifornia_Berkeley,USA,USA,UoHarvard,USA,USA,3,LA,UoHarvard,UoMassachusetts,UoCalifornia_Berkeley,,,,,,,,,,,,,
Harnisch,1,KfW,Germany,Germany,UoGottingen,Germany,Germany,16,CLA,Ecofys_Germany_GmbH,MIT,Max-Planck_IA,,,,,,,,,,,,,
Harper,1,UoMurdoch,Australia,MD,UoWestern_Australia,Australia,Australia,11,LA,Western_Australian_Government,,,,,,,,,,,,,,,
Harvey,1,UoToronto,Canada,Canada,UoToronto,Canada,Canada,9,LA,MD,,,,,,,,,,,,,,,
Hassan,1,UoPretoria,South_Africa,Sudan/South_Africa,ISU,USA,South_Africa,3,LA,UoPretoria,CIMMYT,ISU,UoJuba,UoKhartoum,,,,,,,,,,,
Held,1,UoHamburg,Germany,Germany,UoMunich,Germany,Germany,2,LA,PIK,Volkswagen_Foundation,UoMunich,Max_Planck_Institute,,,,,,,,,,,,
Hertwich,1,NTNU,Norway,Austria,UoCalifornia_Berkeley,USA,Norway,7,LA,IIASA,NTNU,AEA,,,,,,,,,,,,,
Höhne,1,Ecofys_Germany_GmbH,Germany,Germany,UoUtrecht,Netherlands,Germany,13,LA,UNFCCC,UNEP,,,,,,,,,,,,,,
Honnery,1,UoMonash,Australia,MD,UoSydney,Australia,Australia,7,LA,MD,,,,,,,,,,,,,,,
Hourcade,1,CIRED,France,France,UoParis,France,France,6,LA,ADEME,SNCF,GICC,EHESS,,,,,,,,,,,,
"Huang, Luxin (RIP)",1,CAUPD,China,MD,MD,MD,China,12,LA,MD,,,,,,,,,,,,,,,
"Huang, Yongfu",1,UNU-WIDER,Finland,China,MD,MD,Finland,16,LA,UoCambridge,,,,,,MINASGAS,RJR,FSJ,IBMEC,,,,,,
Inaba,1,UoKogakuin,Japan,Japan,UoTokyo,Japan,Japan,12,LA,UoTokyo,,,,,,,,,,,,,,,
Infield,1,UoStrathclyde,UK,MD,UoKent,UK,UK,7,LA,BSRIA,RAL,UoLoughborough,,,,,,,,,,,,,
Ivanova-Boncheva,0,UABCS,Mexico,MD,UNAM,Mexico,Mexico,13,RE/VC,MD,,,,,,,,,,,,,,,
Jafari,1,RIFR,Iran,Iran,MD,UK,Iran,11,LA,RIFR,FRWO,LFCC,INSDC,,,,,,,,,,,,
Jaffe,1,UoBrandeis,USA,USA,UoHarvard,USA,USA,15,LA,UoBrandei,NBER,OECD,UoHarvard,,,,,,,,,,,,
Jänicke,1,IASS,Germany,Germany,FU_Berlin,Germany,Germany,15,RE,German Chancellor's_Office,German_UNESCO_Commission,FU_Berlin,Wuppertal_Institute,DBU,,,,,,,,,,,
"Jiang, Kejun",1,ERI,China,MD,TITech,Japan,China,6,CLA,MD,,,,,,,,,,,,,,,
"Jiang, Leiwen",1,UCAR,USA,MD,UoAmsterdam,Netherlands,USA,14,LA,UoBrown,IIASA,CAS,IPR,CIPEC,,,,,,,,,,,
"Jiang, Yi",1,UoTsinghua,China,China,UoTsinghua,China,China,9,LA,UoTsinghua,,,,,,,,,,,,,,,
Jotzo,1,ANU,Australia,Germany,ANU,Australia,Australia,3,LA,Crawford_School,CCEP,World_Bank,,,,,,,,,,,,,
Kahn-Ribeiro,0,UFRJ,Brazil,Brazil,UFRJ,Brazil,Brazil,8,RE/VC,SEARJ,CNPq,MMA,GEA,UFRJ,,,,,,,,,,,
Kainuma,0,NIES,Japan,Japan,UoKyoto,Japan,Japan,7,LA,MD,,,,,,,,,,,,,,,
Kansal,1,TERI,India,India,IIT,India,India,12,LA,MD,,,,,,,,,,,,,,,
Karrouk,1,UoHassanII,Morocco,Morocco,UoParis,France,Morocco,16,LA,UoHassanII,,,,,,,,,,,,,,,
Kartha,1,SEI,USA,USA,UoCornell,USA,USA,4,CLA,UNFCCC,World_Bank,,,,,,,,,,,,,,
Khennas,1,Independent consultant?,UK,Algeria,Uo_Grenoble,France,UK,7,LA,Intermediate_Technology_Development_Group (ITDG),Practical_Action_Consulting,UNEP,,,,,,,,,,,,,
Kheshgi,1,AIChE,USA,MD,UoMinnesota,USA,USA,10,LA,ExxonMobil_Corporate,LLL,,,,,,,,,,,,,,
"Kim, Suduk",1,UoAjou,South_Korea,South_Korea,Rutgers_State_UoNewJersey,USA,South_Korea,7,LA,UoHoseo,KEEI,UoSeoul,KER,KEREA,,,,,,,,,,,
"Kim, Yong-Gun",1,KEI,South_Korea,MD,BrownU,USA,South_Korea,14,LA,UNEP,KEI,LG_Economic_Research_Institute,Energy_Economics_Institute,GGGI,,,,,,,,,,,
Klasen,1,UoGottingen,Germany,MD,UoHarvard,USA,Germany,14,CLA,UoMunich,UoCambridge,UoHarvard,UNESCO,OECD,World_Bank,,,,,,,,,,
Kobayashi,1,Toyota_R&D,Japan,MD,MD,MD,Japan,8,LA,MD,,,,,,,,,,,,,,,
Kolstad,1,UoStanford,USA,USA,UoStanford,USA,USA,3,CLA,UoCalifornia_SantaBarbara,UoIllinois,CESifo,MIT,UoStanford,,,,,,,,,,,
Kopp,1,RFF,USA,MD,UoNew_York,USA,USA,16,LA,RFF,,,,,,,,,,,,,,,
Krey,1,IIASA,Austria,MD,Ruhr_UoBochum,Germany,Austria,6,LA,IIASA,RC_Julich,IPCC,EMF,UoVienna,PNNL,,,,,,,,,,
Kriegler,1,PIK,Germany,Germany,UoPotsdam,Germany,Germany,6,LA,PIK,WBGU,,,,,,,,,,,,,,
Krug,0,INPE,Brazil,MD,UoSheffield,UK,Brazil,11,RE,INPE,,,,,,,,,,,,,,,
Kunreuther,1,UoPennsylvania,USA,USA,MIT,USA,USA,2,CLA,UoPennsylvania,IIASA,UoYale,IDA,UoChicago,,,,,,,,,,,
Kverndokk,1,Frisch_Centre,Norway,Norway,UoOslo,Norway,Norway,3,RE,SNF,Statistics_Norway,UoOslo,NASL,Frisch_Centre,CREE,,,,,,,,,,
Labandeira,1,UoVigo,Spain,Spain,UoVigo,Spain,Spain,15,LA,UoVigo,CEU,UNED,UoIlles_Balears,UoPalmas_GranCanaria,CIHEAM,,,,,,,,,,
Lanza,1,CMCC,Italy,Italy,UCL,UK,Italy,10,LA,UoEni_Corporate,FEEM,OECD,UoOxford,,,,,,,,,,,,
Lecocq,1,AgroParisTech,France,France,ENGREF,France,France,4,LA,CIRED,AgroParisTech,World_Bank,EHESS,,,,,,,,,,,,
Lee,1,UoKeimyung,South_Korea,South_Korea,Brown University,USA,South_Korea,13,LA,UNEP_Risoe_Centre,Korea Environment Institute,LG Economic Research Institute,Korea Energy Economics Institute,,,,,,,,,,,,
Lefevre,1,WRI,USA,France,Paris_Tech,France,USA,16,LA,UFP,IDDRI,GMS,IURD,UoCalifornia_Berkeley,,,,,,,,,,,
Lewis,0,UoGeorgetown,USA,USA,UoCalifornia_Berkeley,USA,USA,14,LA,US_China_CEF,UNIDO,Pew_Center_GCC,UoGeorgetown,LBNL,UoCalifornia_Berkeley,,,,,,,,,,
Ling,0,Third_World_Network,Malaysia,Malaysia,UoCambridge,UK,Malaysia,4,LA,UoMalaysia,,,,,,,,,,,,,,,
Linnerooth-Bayer,0,IIASA,Austria,Austria,UoMaryland,USA,Austria,2,RE,TechUoVienna,IRM,,,,,,,,,,,,,,
Liphoto,1,Eskom,South_Africa,South_Africa,UoKwaZulu,South_Africa,South_Africa,9,LA,CCMP_Johannesburg,CSIR,,,,,,,,,,,,,,
Llanes-Regueiro,1,UoHavana,Cuba,Cuba,UoHavana,Cuba,Cuba,2,LA,UNDP,Beijer_Institute,UNU,,,,,,,,,,,,,
Löschel,1,ZEW,Germany,Germany,UoHeidelberg/UoMannheim,Germany,Germany,6,LA,UoOldenburg,European_Comission,ZEW,MIT,UoHeidelberg,UCL,,,,,,,,,,
Lucon,1,SMA-SP,Brazil,Brazil,UoSaoPaulo,Brazil,Brazil,9,CLA,CETESB,IMT,UoSaoPaulo,,,,,,,,,,,,,
Lutz,1,WCDGHC,Austria,Austria,UoPennsylvania,USA,Austria,4,LA,UoOxford,MPIC,APHRC,European_Comission,IUSSP,UoVienna,,,,,,,,,,
Lwasa,1,UoMarkerere,Uganda,MD,UoMarkerere,Uganda,Uganda,12,LA,MD,,,,,,,,,,,,,,,
Machado-Filho,1,UNDP,Brazil,Brazil,UoGeneva,Switzerland,Brazil,16,LA,Ministry_Science_Technology_Brazil,,,,,,,,,,,,,,,
Managi,1,UoTohoku,Japan,Japan,UoRhode_Island,USA,Japan,15,LA,JoEEM,JoEDC,JoRE,JoIE,WRS,,,,,,,,,,,
Masera-Cerutti,1,UNAM,Mexico,Mexico,UoCalifornia_Berkeley,USA,Mexico,11,LA,FAO,UNFCCC,Mexican_Government,,,,,,,,,,,,,
Massetti,1,FEEM,Italy,Italy,Cath_UoMilan,Italy,Italy,16,LA,UoVenice,UoYale,RFF,,,,,,,,,,,,,
Mathur,0,TERI,India,India,UoKyoto,Japan,India,5,LA,MD,,,,,,,,,,,,,,,
Mbow,1,UoAnta_Diop,Senegal,Senegal,UoAnta_Diop/UoCopenhagen,Senegal/Denmark,Senegal,11,LA,MD,,,,,,,,,,,,,,,
McKinnon,1,KLU,Germany,UK,UCL,UK,Germany,8,LA,UoLeicester,,,,,,,,,,,,,,,
McMahon,1,BCRPA,USA,MD,UoFlorida,USA,USA,12,LA,LBNL,UoCalifornia_Berkeley,,,,,,,,,,,,,,
Messouli,1,UoCadi_Ayyad,Morocco,Morocco,MD,MD,Morocco,14,LA,MD,,,,,,,,,,,,,,,
Meyer,1,UoGraz,Austria,Germany,UoOxford,UK,Austria,3,LA,UoBern,UoKeele,UoZurich,FU_Berlin,,,,,,,,,,,,
Michaelowa,1,UoZurich,Switzerland,Germany,UoHamburg,Germany,Switzerland,13,LA,HWWA,,,,,,,,,,,,,,,
Mirasgedis,1,NOA,Greece,MD,MD,MD,Greece,9,LA,MD,,,,,,,,,,,,,,,
Mitchell,0,UoExeter,UK,UK,UoSussex,UK,UK,15,LA,UoWarwick,UoSussex,UoCalifornia_Berkeley,UKERC,,,,,,,,,,,,
Montero,1,PUC,Chile,Chile,MIT,USA,Chile,15,LA,PUC,ISCI,MIT,World_Bank,,,,,,,,,,,,
Morgan,0,WRI,USA,USA,UoAmerican,USA,USA,13,RE,E3G,WWF,US_Climate_Action,,,,,,,,,,,,,
Müller,1,NTNU,Norway,Switzerland,ETH_Zurich,Switzerland,Norway,12,LA,MD,,,,,,,,,,,,,,,
Mulugetta,1,UoSurrey,UK,Ethiopia,UoLeeds,UK,UK,7,CLA,CES,ACPC,UNECA,,,,,,,,,,,,,
Mundaca,1,UoLund,Sweden,Chile,UoLund,Sweden,Sweden,3,LA,UoSevilla,MD,,,,,,,,,,,,,,
"Murakami, Jin",1,UoHong_Kong,China,Japan,UoCalifornia_Berkeley,USA,China,12,LA,UoCalifornia_Berkeley,World_Bank,LILP,TRB,,,,,,,,,,,,
"Murakami, Shuzo",1,UoKeio,Japan,Japan,UoTokyo,Japan,Japan,9,LA,UoTongji,UoTokyo,,,,,,,,,,,,,,
Muvundika,1,NISIR,Zambia,Zambia,UoLancashire,UK,Zambia,1,RE,NISIR,,,,,,FEEM,UoHeidelberg,,,,,,,,
Muylaert-de-Araujo,0,UFRJ,Brazil,Brazil,UFRJ,Brazil,Brazil,4,LA,FUNCEFET/RJ,UFRJ,SEARJ,PNUD,UGF,,,,,,,,,,,
Nabuurs,1,UoWageningen,Netherlands,MD,UoEast_Finland,Finland,Finland,11,RE,EFI,UoEast_Finland,UoWageningen,IPCC,,,,,,,,,,,,
Nagendra,0,ATREE,India,India,IIS,India,India,12,LA,ETH_Zurich,IAS_Berlin,IIS,,,,,,,,,,,,,
Nakicenovic,1,IIASA,Austria,MD,UoVienna,Austria,Austria,5,LA,GEA,TechUoVienna,MD,,,,,,,,,,,,,
Nenov,1,UoBurgas,Bulgaria,MD,MD,MD,Bulgaria,10,RE,MD,,,,,,,,,,,,,,,
Newman,1,UoCurtin,Australia,Australia,UoWestern_Australia,Australia,Australia,8,LA,UoMurdoch,UoCurtin,UoStanford,Western_Australian_Government,,,IoHudson,,,,,,,,,
Nimir,1,UoKhartoum,Sudan,Sudan,NMT,USA,Sudan,7,LA,NMT,Ministry_Energy_Mining_Sudan,,,,,,,,,,,,,,
Norgaard,1,UoCalifornia_Berkeley,USA,USA,UoChicago,USA,USA,4,LA,OregonCE,AES,UoCalifornia_Berkeley,,,,,,,,,,,,,
Nzunda,1,UoSokoine,Tanzania,Tanzania,UoKwaZulu,South_Africa,Tanzania,11,LA,CIFOR,,,,,,,,,,,,,,,
Ofosu-Ahenkorah,1,Energy_Comission_Ghana,Ghana,Ghana,MD,MD,Ghana,5,LA,REEEP,,,,,,,,,,,,,,,
Okereke,1,UoReading,UK,Nigeria,UoKeele,UK,UK,4,LA,UoOxford,Tyndall_CCR,UNITAR,CDKN,,,,,,,,,,,,
Olivier,1,PBL,Netherlands,Netherlands,UoUtrecht,Netherlands,Netherlands,1,LA,PBL,MNP,RIVM,AER,TU_Delft,,,,,,,,,,,
Ouyang,1,UoTsinghua,China,China,DTU,Denmark,China,8,LA,UoTsinghua,China_Government,NSSGRE,,,,UoTsinghua,Green_Capital_Consulting,IPSEP,EDF,NWF,NHMI,HAVO,OTS,CEQ,
Paltsev,1,MIT,USA,MD,UoColorado,USA,USA,6,LA,World_Bank,UoColorado,IMCC,BSU,,,,,,,,,,,,
Pálvölgy,1,Budapest_Uo_Technology_Economics,Hungary,Hungary,Hungarian_Academy_of_Sciences,Hungary,Hungary,9,RE,National_Weather_Service,Environment_Ministry,Environment_Consulting_Ltd,Budapest_Uo_Technology_and_Economics,Hungarian_Institute_of_ Geology_Geophysics,,ERSA,SE_Stockholm,UoOslo,European_Comission,World_Bank,,,,,
Pan,1,CASS,China,China,UoCambridge,UK,China,5,LA,MD,,,,,,,,,,,,,,,
"Parikh, Jyoti",0,IRADe,India,India,UoMaryland,USA,India,9,LA,IGIDR,IIASA,World_Bank,UNIDO,FAO,UNESCO,,,,,,,,,,
"Parikh, Kirit",1,IRADe,India,India,MIT,USA,India,7,RE,India_Government,IGIDR,IIASA,ISI,MIT,,,,,,,,,,,
Paterson,1,UoOttawa,Canada,UK,UoEssex,UK,Canada,13,LA,RIIA,UoKeele,UoStirling,,,,,,,,,,,,,
Pathak,1,IARI,India,India,MD,MD,India,5,LA,MD,,,,,,,,,,,,,,,
Patt,1,ETH_Zurich,Switzerland,USA,UoHarvard,USA,Switzerland,2,LA,IIASA,UoBayreuth,UoBoston,UoHarvard,Landworks,Mad_River_Glen_Ski,,,,,,,,,,
Perczyk,1,ITDT,Argentina,MD,UoBuenos_Aires,Argentina,Argentina,10,LA,UNFCCC,,,,,,UoHavana,UoBologna,,,,,,,,
Pérez-Arriaga,1,IIT,Spain,Spain,UPM,Spain,Spain,16,LA,UoComillas,TU_Delft,UoBocconi,SNERC,MIT,,,,,,,,,,,
Pichs-Madruga,1,CIEM,Cuba,Cuba,UNAM,Mexico,Cuba,-,CC,MD,,,,,,,,,,,,,,,
Pinguelli-Rosa,1,UFRJ,Brazil,Brazil,PUC-Rio,Brazil,Brazil,4,RE,COPPE,ELETROBRAS,UFRJ,,,,,,,,,,,,,
Price,0,LBNL,USA,MD,UoWisconsin-Madison,USA,USA,10,LA,Price_Associates,MHB_Technical_Associates,US_Energy,ETAAC,CEC,,,,,,,,,,,
Pyke,1,GBC,USA,MD,UoCalifornia_SantaBarbara,USA,USA,9,LA,CTG_Energetics,US_EPA_GCRP,GWU,,,,,,,,,,,,,
Ramakrishna,1,UNESCAP,South_Korea,India,UoJawaharlal_Nehru,India,South_Korea,13,LA,UNEP,UNFCCC,UoBoston,UoYale,WHRC,UoHarvard,Symbol_Technologies,,,,,,,,,
Ramaswami,0,UoMinnesota,USA,MD,CMU,USA,USA,12,LA,UCD,,,,,,,,,,,,,,,
Rauscher,1,UoRostock,Germany,MD,UoKonstanz,Germany,Germany,14,LA,MD,,,,,,,,,,,,,,,
Ravindranath,1,IIS,India,MD,MD,MD,India,11,LA,MD,,,,,,,,,,,,,,,
Riahi,1,IIASA,Austria,MD,MD,MD,Austria,7,LA,GEA,MD,,,,,,,,,,,,,,
"Rice, Charles",1,UoKansas,USA,MD,UoKentucky,USA,USA,11,LA,CRC_Greenhouse_Accounting,UoKansas,UoMichigan,,,,,,,,,,,,,
"Rice, Jake",1,DFO,Canada,Canada,UoToronto,Canada,Canada,5,LA,DFO,UoCopenhagen,MUN,,,,,,,,,,,,,
Richels,1,EPRI,USA,USA,UoHarvard,USA,USA,5,LA,MD,,,,,,,,,,,,,,,
Robledo-Abad,0,HELVETAS,Switzerland,MD,MD,MD,Switzerland,11,LA,MD,,,,,,,,,,,,,,,
Rogner,1,IAEA,Austria,Germany,UoKarlsruhe,Germany,Austria,1,LA,IAEA,UoVictoria,IIASA,UoFlensburg,IASR,,,,,,,,,,,
Romanovskaya,0,RAS,Russia,MD,Russian_AcademyoScience,Russia,Russia,11,LA,UNFCCC,IIASA,,,,,,,,,,,,,,
Rose,1,EPRI,USA,MD,UoCornell,USA,USA,6,LA,EPA,,,,,,,,,,,,,,,
Roy,0,UoJadavpur,India,India,UoJadavpur,India,India,10,CLA,LBNL,Muralidhar_College,UoJadavpur,,,,,,,,,,,,,
Ruth,1,UoMaryland,USA,MD,UoIllinois,USA,USA,4,RE,UoMaryland,UoBoston,UoIllinois,,,,,,,,,,,,,
Sagar,1,IIT,India,India,MIT,USA,India,4,LA,MD,,,,,,,,,,,,,,,
Santalla,0,UNICEN,Argentina,Argentina,UNLP,Argentina,Argentina,10,LA,UNICEN,,,,,,,,,,,,,,,
Sathaye,1,LBNL,USA,India,MD,MD,USA,4,RE,MD,,,,,,,,,,,,,,,
Schaeffer,1,UFRJ,Brazil,MD,UoPennsylvania,USA,Brazil,8,CLA,IAEA,UN,UFRJ,UoPennsylvania,CNPq,,,,,,,,,,,
Schauer,1,UoWisconsin-Madison,USA,MD,CalTech,USA,USA,8,LA,MD,,,,,,,,,,,,,,,
Seroa-da-Motta,1,UERJ,Brazil,Brazil,UoLondon,UK,Brazil,15,RE,ANAC,IBMEC,MMA,USU,IPEA,UFRJ,,,,,,,,,,
Seto,0,UoYale,USA,MD,UoBoston,USA,USA,12,CLA,MD,,,,,,,,,,,,,,,
Sheikho,1,KACST,Saudi_Arabia,MD,UoStirling,UK,Saudi_Arabia,1,LA,MD,,,,,,,,,,,,,,,
Sheinbaum,0,UNAM,Mexico,Mexico,UNAM/UCBerkeley,Mexico/USA,Mexico,10,LA,Mexican_Government,,,,,,,,,,,,,,,
Shittu,1,UoTulane,USA,MD,UoMassachusetts,USA,USA,2,LA,UoMassachusetts,AuCairo,,,,,,,,,,,,,,
Shukla,1,IIM,India,India,UoStanford,USA,India,6,LA,UoStanford,NID,,,,,,,,,,,,,,
Sims,1,UoNew_Zealand,New_Zealand,UK,UoNewcastle,UK,New_Zealand,8,CLA,IEA,,,,,,,,,,,,,,,
Skea,1,RCUK,UK,UK,U_Edinburgh,UK,UK,7,RE/VC,UKERC,PSIUK,UoSussex,ICL,,,,,,,,,,,,
Smith,1,UoAberdeen,UK,UK,MD,MD,UK,11,CLA,MD,,,,,,,,,,,,,,,
Sokona,1,ACPC,Mali,Mali,ENSMP_Ucurie,France,Mali,-,CC,OSS,EDTM,ENIB,,,,,,,,,,,,,
Somanathan,1,ISI,India,MD,UoHarvard,USA,India,15,CLA,MD,,,,,,,,,,,,,,,
"Sperling, Daniel",1,UoCalifornia_Davis,USA,USA,UoCalifornia_Berkeley,USA,USA,8,LA,UoCalifornia_Davis,US_EPA,Honduras_Government,,,,,,,,,,,,,
"Sperling, Frank",1,AfDB,Tunisia,Norway,MD,MD,Tunisia,11,LA,WWF_Norway,,,,,,,,,,,,,,,
Stavins,1,UoHarvard,USA,USA,UoHarvard,USA,USA,13,CLA,MD,,,,,,,,,,,,,,,
Stern,1,ANU,Australia,UK,UoBoston,USA,Australia,5,LA,ANU,UoBoston,UoYork,RPI,,,,,,,,,,,,
Sterner,1,UoGothenburg,Sweden,Sweden,UoGothenburg,Sweden,Sweden,15,CLA,Bank_of_Gothenburg,UoGothenburg,World_Bank,SSB,Environment_Defense_Fund,,,,,,,,,,,
Strachan,1,UCL,UK,UK,CMU,USA,UK,7,LA,UCL,KCL,UKERC,,,,,,,,,,,,,
Sugiyama,1,CRIEPI,Japan,Japan,UoTokyo,Japan,Japan,15,CLA,IIASA,CRIEPI,,,,,,,,,,,,,,
Suh,1,UoCalifornia_SantaBarbara,USA,MD,UoLeiden,Netherlands,USA,5,CLA,UoCalifornia_SantaBarbara,CMU,UoMinnesota,UoLeiden,UoAjou,,,,,,,,,,,
Suliman,1,MD,Sudan,MD,UoColorado_State,USA,Sudan,15,RE,HCENR_Sudan,ENTRO,,,,,,,,,,,,,,
Tanaka,0,JST,Japan,Japan,UoTokyo,Japan,Japan,10,LA,IEA,,,,,,,,,,,,,,,
Tavoni,1,CMCC,Italy,Italy,Cath_UoMilan,Italy,Italy,6,LA,FEEM,UoVenice,Prometeia_Spa,Italian_Development_Cooperation,,,JHU,SAIS,,,,,,,,
Teng,1,UoTsinghua,China,MD,UoTsinghua,China,China,15,LA,MD,,,,,,,,,,,,,,,
Tiwari,1,IIT,India,India,UoIllinois,USA,India,8,LA,Chalmers_UoTechnology_Sweden,,,,,,,,,,,,,,,
Torres-Martínez,1,CUBASOLAR,Cuba,Cuba,UoHavana,Cuba,Cuba,12,RE,CITMA,,,,,,,,,,,,,,,
Toth,1,IAEA,Austria,Hungary,UoBudapest,Hungary,Hungary,5,LA,IIASA,PIK,,,,,,,,,,,,,,
Tubiello,1,FAO,Italy,Italy,NYU,USA,Italy,11,LA,Biosphere2Agriculture,UoColumbia,GET-Carbon,,,,,,,,,,,,,
Uddin,1,UoNew_South_Wales,Australia,MD,MD,MD,Australia,14,LA,MD,,,,,,,,,,,,,,,
Urama,1,ATPS,Kenya,MD,UoCambridge,UK,Kenya,3,CLA,ASEE,UoStellenbosch,UoMurdoch,OECD,UNESCO,ACCAI,,,,,,,,,,
Ürge-Vorsatz,0,CEU,Hungary,MD,UoCalifornia_Berkeley,USA,Hungary,9,CLA,CEU,3CSEP,LBNL,UoCalifornia_LosAngeles,UoEotvos,Bechtel_Corporation,UoCalifornia_Berkeley,,,,,,,,,
Van-der-Zwaan,1,ECN,Netherlands,Netherlands,UoNijmegen,Netherlands,Netherlands,6,LA,UoHarvard,UoVrije,UoStanford,IFRI,CERN,,,,,,,,,,,
Van-Vuuren,1,UoUtrecht,Netherlands,Netherlands,UoUtrecht,Netherlands,Netherlands,6,LA,UoUtrecht,UoLeiden,RIVM,,,,,,,,,,,,,
Venables,1,UoOxford,UK,UK,UoOxford,UK,UK,14,LA,BA,CEPR,RES,EER,Economic_Journal,FGL,,,,,,,,,,
Verbruggen,1,UoAntwerp,Belgium,Belgium,UoAntwerp,Belgium,Belgium,5,RE,IESD,REGASA,CINERGIE,,,,,,,,,,,,,
Victor,1,UCSD,USA,USA,MIT,USA,USA,1,CLA,UCSD,Stanford_LS,UoStanford,CFR,IIASA,,,,,,,,,,,
Vilariño,0,WBCSD,Argentina,Argentina,ITBA,Argentina,Argentina,9,LA,AEC,Techint_Organization,AMCHAM,WRI,,,,,,,,,,,,
Weber,0,UoColumbia,USA,MD,UoHarvard,USA,USA,2,LA,UoColumbia,UoOhio,WHU,UoChicago,UoIllinois,UoToronto,,,,,,,,,,
Wen,1,Finance_Ministry,China,China,Chines_Academy_of_Sciences,China,China,13,LA,Chinese_Academy_of_Sciences,China_GEF_Office,,,,,,,,,,,,,,
Weyant,1,UoStanford,USA,MD,UoCalifornia_Berkeley,USA,USA,6,RE,ETAAC,IAMC,,,,,,,,,,,,,,
Wiener,1,UoDuke,USA,USA,UoHarvard,USA,USA,13,LA,RFF,UoHarvard,Council_Economics_Advisers_USA,US_Justice,ALI,NBER,IBGE,,,,,,,,,
Winkler,1,UoCape_Town,South_Africa,South_Africa,UoCape_Town,South_Africa,South_Africa,13,LA,ERC,Common_Ground_Consulting,Regional_Land_Claims_Commission,,,,,,,,,,,,,
Wiser,1,LBNL,USA,MD,UoCalifornia_Berkeley,USA,USA,7,LA,CEC,HMcH_Inc,Betchel_Corp,AESco,,,,,,,,,,,,
Yamaguchi,1,KOMEX,Japan,Japan,UoKeio,Japan,Japan,1,LA,KOMEX,RCAST,UoKeio,UoTeikyo,UoSophia,TMFIco,,,,,,,,,,
Yamba,1,UoZambia,Zambia,Zambia,UoLeeds,UK,Zambia,-,VC,UoZambia,Moscow_AP,Mech_SB,FEIZ,CEEEZ,INDECO,,,,,,,,,,
Yetano-Roche,0,WICEE,Germany,Spain,UCL,UK,Germany,10,LA,HyWays_EU,IMC,BESEL_SA,WICEE,,,,,,,,,,,,
Zain-Ahmed,0,UToMara,Malaysia,Malaysia,UoHertfordshire,UK,Malaysia,9,LA,UToMara,RISE,,,,,,,,,,,,,,
Zatari,1,ME,Saudi_Arabia,Saudi_Arabia,UoNewcastle,UK,Saudi_Arabia,-,VC,UNFCCC,UNEP,CSD,,,,,,,,,,,,,
Zhang,1,UoTsinghua,China,China,UoTsinghua,China,China,7,LA,CNSSF,MD,,,,,,,,,,,,,,
"Zhou, Dadi",1,NDRC,China,China,UoTsinghua,China,China,1,CLA,NDRC,CERA,,,,,World_Bank,UoVenice,UoParisI,UoUdine,UoAix-en-Provence,UoParisX,LUISS,ERC,CEPS,FEEM
"Zhou, Peter",1,EECG_Consultants,Botswana,MD,MD,MD,Botswana,5,LA,Southern Centre for Energy and Environment,UNEP_Risoe_Centre,,,,,,,,,,,,,,
Zou,1,CCSC,China,China,UoRenmin,China,China,13,CLA,UoRenmin,,,,,,,,,,,,,,,
Zycliz,1,UoWarsaw,Poland,Poland,UoWarsaw,Poland,Poland,15,LA,UoHarvard,WEEC,UoColorado,UoWisconsin-Madison,UoWarsaw,,,,,,,,,,,
